Ticker,Name
360ONE,360 ONE WAM Ltd.
3MINDIA,3M India Ltd.
A,Agilent Technologies Inc
AA,Alcoa Corp
AADHARHFC,Aadhar Housing Finance Ltd.
AAL,American Airlines Group Inc
AAMI,Acadian Asset Management Inc
AAOI,Applied Optoelectronics Inc
AAON,Aaon Inc
AAP,Advance Auto Parts Inc
AAPL,Apple Inc
AARTIIND,Aarti Industries Ltd.
AAT,American Assets Trust Reit Inc
AAVAS,Aavas Financiers Ltd.
ABAT,American Battery Technology Compan
ABB,ABB India Ltd.
ABBOTINDIA,Abbott India Ltd.
ABBV,Abbvie Inc
ABCAPITAL,Aditya Birla Capital Ltd.
ABCB,Ameris Bancorp
ABDL,Allied Blenders and Distillers Ltd.
ABFRL,Aditya Birla Fashion and Retail Ltd.
ABG,Asbury Automotive Group Inc
ABLBL,Aditya Birla Lifestyle Brands Ltd.
ABM,Abm Industries Inc
ABNB,Airbnb Inc Class A
ABR,Arbor Realty Trust Reit Inc
ABREL,Aditya Birla Real Estate Ltd.
ABSI,Absci Corp
ABSLAMC,Aditya Birla Sun Life AMC Ltd.
ABT,Abbott Laboratories
ABUS,Arbutus Biopharma Corp
ACA,Arcosa Inc
ACAD,Acadia Pharmaceuticals Inc
ACC,ACC Ltd.
ACCO,Acco Brands Corp
ACDC,Profrac Holding Class A Corp
ACE,Action Construction Equipment Ltd.
ACEL,Accel Entertainment Inc Class A
ACGL,Arch Capital Group Ltd
ACH,Accendra Health Inc
ACHC,Acadia Healthcare Company Inc
ACHR,Archer Aviation Inc Class A
ACI,Albertsons Company Inc Class A
ACIC,American Coastal Insurance Corp
ACIW,Aci Worldwide Inc
ACLS,Axcelis Technologies Inc
ACLX,Arcellx Inc
ACM,Aecom
ACMESOLAR,ACME Solar Holdings Ltd.
ACMR,Acm Research Class A Inc
ACN,Accenture Plc Class A
ACNB,Acnb Corp
ACRE,Ares Commercial Real Estate Reit C
ACT,Enact Holdings Inc
ACTG,Acacia Research Corp
ACUTAAS,Acutaas Chemicals Ltd.
ACVA,Acv Auctions Inc Class A
ADAM,Adamas Inc Trust
ADANIENSOL,Adani Energy Solutions Ltd.
ADANIENT,Adani Enterprises Ltd.
ADANIGREEN,Adani Green Energy Ltd.
ADANIPORTS,Adani Ports and Special Economic Zone Ltd.
ADANIPOWER,Adani Power Ltd.
ADBE,Adobe Inc
ADC,Agree Realty Reit Corp
ADCT,Adc Therapeutics Sa
ADEA,Adeia Inc
ADI,Analog Devices Inc
ADM,Archer Daniels Midland
ADMA,Adma Biologics Inc
ADNT,Adient Plc
ADP,Automatic Data Processing Inc
ADPT,Adaptive Biotechnologies Corp
ADRO,Chinook Therapeutics Inc Cvr
ADSK,Autodesk Inc
ADT,Adt Inc
ADTN,Adtran Holdings Inc
ADUS,Addus Homecare Corp
ADV,Advantage Solutions Inc Class A
AEBI,Aebi Schmidt Holding Ag
AEE,Ameren Corp
AEGISLOG,Aegis Logistics Ltd.
AEGISVOPAK,Aegis Vopak Terminals Ltd.
AEHR,Aehr Test Systems
AEIS,Advanced Energy Industries Inc
AEO,American Eagle Outfitters Inc
AEP,American Electric Power Inc
AES,Aes Corp
AESI,Atlas Energy Solutions Inc
AEVA,Aeva Technologies Inc
AFCONS,Afcons Infrastructure Ltd.
AFFLE,Affle 3i Ltd.
AFG,American Financial Group Inc
AFL,Aflac Inc
AFRM,Affirm Holdings Inc Class A
AGARWALEYE,Dr. Agarwal's Health Care Ltd.
AGCO,Agco Corp
AGIO,Agios Pharmaceuticals Inc
AGL,Agilon Health
AGM,Federal Agricultural Mortgage Non
AGNC,Agnc Investment Reit Corp
AGO,Assured Guaranty Ltd
AGX,Argan Inc
AGYS,Agilysys Inc
AHCO,Adapthealth Corp
AHR,American Healthcare Reit Inc
AHRT,Ah Realty Inc
AI,C3 Ai Inc Class A
AIAENG,AIA Engineering Ltd.
AIG,American International Group Inc
AIIL,Authum Investment & Infrastructure Ltd.
AIN,Albany International Corp Class A
AIOT,Powerfleet Inc
AIP,Arteris Inc
AIR,Aar Corp
AIT,Applied Industrial Technologies In
AIZ,Assurant Inc
AJANTPHARM,Ajanta Pharmaceuticals Ltd.
AJG,Arthur J Gallagher
AKAM,Akamai Technologies Inc
AKBA,Akebia Therapeutics Inc
AKE,Akero Therapeutics Cvr
AKR,Acadia Realty Trust Reit
AKTS,Aktis Oncology Inc
AKUMS,Akums Drugs and Pharmaceuticals Ltd.
AKZOINDIA,Akzo Nobel India Ltd.
AL,Air Lease Corp Class A
ALAB,Astera Labs Inc
ALB,Albemarle Corp
ALDX,Aldeyra Therapeutics Inc
ALEC,Alector Inc
ALG,Alamo Group Inc
ALGM,Allegro Microsystems Inc
ALGN,Align Technology Inc
ALGT,Allegiant Travel
ALH,Alliance Laundry Holdings Inc
ALHC,Alignment Healthcare Inc
ALIT,Alight Inc Class A
ALK,Alaska Air Group Inc
ALKEM,Alkem Laboratories Ltd.
ALKS,Alkermes
ALKT,Alkami Technology Inc
ALKYLAMINE,Alkyl Amines Chemicals Ltd.
ALL,Allstate Corp
ALLE,Allegion Plc
ALLO,Allogene Therapeutics Inc
ALLY,Ally Financial Inc
ALMS,Alumis Inc
ALNT,Allient Inc
ALNY,Alnylam Pharmaceuticals Inc
ALOKINDS,Alok Industries Ltd.
ALRM,Alarm.Com Holdings Inc
ALRS,Alerus Financial Corp
ALSN,Allison Transmission Holdings Inc
ALT,Altimmune Inc
ALTG,Alta Equipment Group Inc Class A
ALX,Alexanders Reit Inc
AM,Antero Midstream Corp
AMAL,Amalgamated Financial Corp
AMAT,Applied Material Inc
AMBA,Ambarella Inc
AMBER,Amber Enterprises India Ltd.
AMBP,Ardagh Metal Packaging Sa
AMBQ,Ambiq Micro Inc
AMBUJACEM,Ambuja Cements Ltd.
AMC,Amc Entertainment Holdings Inc Cla
AMCR,Amcor Plc
AMCX,Amc Networks Class A Inc
AMD,Advanced Micro Devices Inc
AME,Ametek Inc
AMG,Affiliated Managers Group Inc
AMGN,Amgen Inc
AMH,American Homes Rent Reit Class A
AMKR,Amkor Technology Inc
AMLX,Amylyx Pharmaceuticals Inc
AMN,Amn Healthcare Inc
AMP,Ameriprise Finance Inc
AMPH,Amphastar Pharmaceuticals Inc
AMPL,Amplitude Inc Class A
AMPX,Amprius Technologies Inc
AMR,Alpha Metallurgical Resource Inc
AMRC,Ameresco Inc Class A
AMRX,Amneal Pharmaceuticals Inc Class A
AMSC,American Superconductor Corp
AMSF,Amerisafe Inc
AMT,American Tower Reit Corp
AMTB,Amerant Bancorp Inc Class A
AMTM,Amentum Holdings Inc
AMWD,American Woodmark Corp
AMZN,Amazon Com Inc
AN,Autonation Inc
ANAB,Anaptysbio Inc
ANANDRATHI,Anand Rathi Wealth Ltd.
ANANTRAJ,Anant Raj Ltd.
ANDE,Andersons Inc
ANET,Arista Networks Inc
ANF,Abercrombie And Fitch Class A
ANGELONE,Angel One Ltd.
ANGI,Angi Inc Class A
ANGO,Angiodynamics Inc
ANIK,Anika Therapeutics Inc
ANIP,Ani Pharmaceuticals Inc
ANNX,Annexon Inc
ANTHEM,Anthem Biosciences Ltd.
ANURAS,Anupam Rasayan India Ltd.
AON,Aon Plc Class A
AORT,Artivion Inc
AOS,A O Smith Corp
AOSL,Alpha And Omega Semiconductor Ltd
APA,Apa Corp
APAM,Artisan Partners Asset Management
APARINDS,Apar Industries Ltd.
APD,Air Products And Chemicals Inc
APEI,American Public Education Inc
APG,Api Group Corp
APGE,Apogee Therapeutics Inc
APH,Amphenol Corp Class A
APLAPOLLO,APL Apollo Tubes Ltd.
APLD,Applied Digital Corp
APLE,Apple Hospitality Reit Inc
APLLTD,Alembic Pharmaceuticals Ltd.
APLS,Apellis Pharmaceuticals Inc
APO,Apollo Global Management Inc
APOG,Apogee Enterprises Inc
APOLLOHOSP,Apollo Hospitals Enterprise Ltd.
APOLLOTYRE,Apollo Tyres Ltd.
APP,Applovin Corp Class A
APPF,Appfolio Inc Class A
APPN,Appian Corp Class A
APPS,Digital Turbine Inc
APTUS,Aptus Value Housing Finance India Ltd.
APTV,Aptiv Plc
AQST,Aquestive Therapeutics Inc
AR,Antero Resources Corp
ARAY,Accuray Inc
ARCB,Arcbest Corp
ARCT,Arcturus Therapeutics Holdings Inc
ARDX,Ardelyx Inc
ARE,Alexandria Real Estate Equities Re
ARE&M,Amara Raja Energy & Mobility Ltd.
ARES,Ares Management Corp Class A
ARHS,Arhaus Inc Class A
ARI,Apollo Commercial Real Estate Fina
ARKO,Arko
ARLO,Arlo Technologies Inc
ARMK,Aramark
AROC,Archrock Inc
AROW,Arrow Financial Corp
ARQT,Arcutis Biotherapeutics Inc
ARR,Armour Residential Reit Inc
ARRY,Array Technologies Inc
ARVN,Arvinas Inc
ARW,Arrow Electronics Inc
ARWR,Arrowhead Pharmaceuticals Inc
AS,Amer Sports Inc
ASAHIINDIA,Asahi India Glass Ltd.
ASAN,Asana Inc Class A
ASB,Associated Bancorp
ASC,Ardmore Shipping Corp
ASGN,Asgn Inc
ASH,Ashland Inc
ASHOKLEY,Ashok Leyland Ltd.
ASIANPAINT,Asian Paints Ltd.
ASIX,Advansix Inc
ASLE,Aersale Corp
ASO,Academy Sports And Outdoors Inc
ASPI,Asp Isotopes Inc
ASPN,Aspen Aerogels Inc
ASST,Strive Inc Class A
ASTE,Astec Industries Inc
ASTERDM,Aster DM Healthcare Ltd.
ASTH,Astrana Health Inc
ASTRAL,Astral Ltd.
ASTRAZEN,AstraZenca Pharma India Ltd.
ASTS,Ast Spacemobile Inc Class A
ASUR,Asure Software Inc
ATEC,Alphatec Holdngs Inc
ATEN,A10 Networks Inc
ATEX,Anterix Inc
ATGL,Adani Total Gas Ltd.
ATHERENERG,Ather Energy Ltd.
ATI,Ati Inc
ATKR,Atkore Inc
ATMU,Atmus Filtration Technologies Inc
ATNI,Atn International Inc
ATO,Atmos Energy Corp
ATR,Aptargroup Inc
ATRC,Atricure Inc
ATRO,Astronics Corp
ATUL,Atul Ltd.
ATYR,Atyr Pharma Inc
AU,Anglogold Ashanti Plc
AUB,Atlantic Union Bankshares Corp
AUBANK,AU Small Finance Bank Ltd.
AUPH,Aurinia Pharmaceuticals Inc
AUR,Aurora Innovation Inc Class A
AURA,Aura Biosciences Inc
AUROPHARMA,Aurobindo Pharma Ltd.
AVA,Avista Corp
AVAH,Aveanna Healthcare Holdings Inc
AVAV,Aerovironment Inc
AVB,Avalonbay Communities Reit Inc
AVBP,Arrivent Biopharma Inc
AVD,Amer Vanguard Corp
AVGO,Broadcom Inc
AVIR,Atea Pharmaceuticals Inc
AVNS,Avanos Medical Inc
AVNT,Avient Corp
AVNW,Aviat Networks Inc
AVO,Mission Produce Inc
AVPT,Avepoint Inc Class A
AVT,Avnet Inc
AVTR,Avantor Inc
AVXL,Anavex Life Sciences Corp
AVY,Avery Dennison Corp
AWI,Armstrong World Industries Inc
AWK,American Water Works Inc
AWL,AWL Agri Business Ltd.
AWR,American States Water
AX,Axos Financial Inc
AXGN,Axogen Inc
AXISBANK,Axis Bank Ltd.
AXON,Axon Enterprise Inc
AXP,American Express
AXS,Axis Capital Holdings Ltd
AXSM,Axsome Therapeutics Inc
AXTA,Axalta Coating Systems Ltd
AYI,Acuity Inc
AZO,Autozone Inc
AZTA,Azenta Inc
AZZ,Azz Inc
BA,Boeing
BAC,Bank Of America Corp
BAH,Booz Allen Hamilton Holding Corp C
BAJAJ-AUTO,Bajaj Auto Ltd.
BAJAJFINSV,Bajaj Finserv Ltd.
BAJAJHFL,Bajaj Housing Finance Ltd.
BAJAJHLDNG,Bajaj Holdings & Investment Ltd.
BAJFINANCE,Bajaj Finance Ltd.
BALKRISIND,Balkrishna Industries Ltd.
BALL,Ball Corp
BALRAMCHIN,Balrampur Chini Mills Ltd.
BAM,Brookfield Asset Management Voting
BANC,Banc Of California Inc
BAND,Bandwidth Inc Class A
BANDHANBNK,Bandhan Bank Ltd.
BANF,Bancfirst Corp
BANKBARODA,Bank of Baroda
BANKINDIA,Bank of India
BANR,Banner Corp
BASF,BASF India Ltd.
BATAINDIA,Bata India Ltd.
BATRA,Atlanta Braves Holdings Inc Series
BATRK,Atlanta Braves Holdings Inc Series
BAX,Baxter International Inc
BAYERCROP,Bayer Cropscience Ltd.
BBAI,Bigbear.Ai Holdings Inc
BBBY,Bed Bath And Beyond Inc
BBIO,Bridgebio Pharma Inc
BBNX,Beta Bionics Inc
BBSI,Barrett Business Services Inc
BBT,Beacon Financial Corp
BBTC,Bombay Burmah Trading Corporation Ltd.
BBUC,Brookfield Business Corp Class A
BBW,Build A Bear Workshop Inc
BBWI,Bath And Body Works Inc
BBY,Best Buy Inc
BC,Brunswick Corp
BCAL,California Bancorp
BCAX,Bicara Therapeutics Inc
BCBP,Bcb Bancorp Inc
BCC,Boise Cascade
BCML,Baycom Corp
BCO,Brinks
BCPC,Balchem Corp
BCRX,Biocryst Pharmaceuticals Inc
BDC,Belden Inc
BDL,Bharat Dynamics Ltd.
BDN,Brandywine Realty Trust Reit
BDX,Becton Dickinson
BE,Bloom Energy Class A Corp
BEAM,Beam Therapeutics Inc
BEL,Bharat Electronics Ltd.
BELFB,Bel Fuse Inc Class B
BELRISE,Belrise Industries Ltd.
BEML,BEML Ltd.
BEN,Franklin Resources Inc
BEPC,Brookfield Renewable Subordinate V
BERGEPAINT,Berger Paints India Ltd.
BETA,Beta Technologies Inc Class A
BETR,Better Home Finance Holding Class
BFA,Brown Forman Corp Class A
BFAM,Bright Horizons Family Solutions I
BFB,Brown Forman Corp Class B
BFC,Bank First Corp
BFH,Bread Financial Holdings Inc
BFLY,Butterfly Network Inc Class A
BFS,Saul Centers Reit Inc
BFST,Business First Bancshares Inc
BG,Bunge Global Sa
BGC,Bgc Group Inc Class A
BGS,B And G Foods Inc
BHARATFORG,Bharat Forge Ltd.
BHARTIARTL,Bharti Airtel Ltd.
BHARTIHEXA,Bharti Hexacom Ltd.
BHB,Bar Harbor Bankshares
BHE,Benchmark Electronics Inc
BHEL,Bharat Heavy Electricals Ltd.
BHF,Brighthouse Financial Inc
BHR,Braemar Hotels Resorts Inc
BHRB,Burke Herbert Financial Services C
BHVN,Biohaven Ltd
BIIB,Biogen Inc
BIKAJI,Bikaji Foods International Ltd.
BILL,Bill Holdings Inc
BIO,Bio Rad Laboratories Inc Class A
BIOA,Bioage Labs Inc
BIOCON,Biocon Ltd.
BIPC,Brookfield Infrastructure Corp Cla
BIRK,Birkenstock Holding Plc
BJ,Bjs Wholesale Club Holdings Inc
BJRI,Bjs Restaurants Inc
BK,Bank Of New York Mellon Corp
BKD,Brookdale Senior Living Inc
BKE,Buckle Inc
BKH,Black Hills Corp
BKNG,Booking Holdings Inc
BKR,Baker Hughes Class A
BKSY,Blacksky Technology Inc Class A
BKU,Bankunited Inc
BKV,Bkv Corp
BL,Blackline Inc
BLBD,Blue Bird Corp
BLD,Topbuild Corp
BLDR,Builders Firstsource Inc
BLFS,Biolife Solutions Inc
BLFY,Blue Foundry Bancorp
BLK,Blackrock Inc
BLKB,Blackbaud Inc
BLMN,Bloomin Brands Inc
BLND,Blend Labs Inc Class A
BLS,BLS International Services Ltd.
BLSH,Bullish
BLUEDART,Blue Dart Express Ltd.
BLUEJET,Blue Jet Healthcare Ltd.
BLUESTARCO,Blue Star Ltd.
BLX,Banco Latinoamericano De Comercio
BMBL,Bumble Inc Class A
BMI,Badger Meter Inc
BMRC,Bank Of Marin Bancorp
BMRN,Biomarin Pharmaceutical Inc
BMY,Bristol Myers Squibb
BNL,Broadstone Net Lease Inc
BOC,Boston Omaha Corp Class A
BOH,Bank Of Hawaii Corp
BOKF,Bok Financial Corp
BOOM,Dmc Global Inc
BOOT,Boot Barn Holdings Inc
BORR,Borr Drilling Ltd
BOSCHLTD,Bosch Ltd.
BOW,Bowhead Specialty Holdings Inc
BOX,Box Inc Class A
BPCL,Bharat Petroleum Corporation Ltd.
BPOP,Popular Inc
BR,Broadridge Financial Solutions Inc
BRBR,Bellring Brands Inc
BRCC,Brc Inc Class A
BRIGADE,Brigade Enterprises Ltd.
BRITANNIA,Britannia Industries Ltd.
BRKB,Berkshire Hathaway Inc Class B
BRKR,Bruker Corp
BRO,Brown & Brown Inc
BROS,Dutch Bros Inc Class A
BRSL,Brightstar Lottery Plc
BRSP,Brightspire Capital Inc Class A
BRX,Brixmor Property Group Reit Inc
BRZE,Braze Inc Class A
BSE,BSE Ltd.
BSOFT,Birlasoft Ltd.
BSRR,Sierra Bancorp
BSX,Boston Scientific Corp
BSY,Bentley Systems Inc Class B
BTBT,Bit Digital Inc
BTDR,Bitdeer Technologies Group Class A
BTSG,Brightspring Health Services Inc
BTU,Peabody Energy Corp
BULL,Webull Corp Class A
BUR,Burford Capital Ltd
BURL,Burlington Stores Inc
BUSE,First Busey Corp
BV,Brightview Holdings Inc
BVS,Bioventus Class A Inc
BWA,Borgwarner Inc
BWB,Bridgewater Bancshares Inc
BWIN,Baldwin Insurance Group Inc Class
BWMN,Bowman Consulting Group Ltd
BWXT,Bwx Technologies Inc
BX,Blackstone Inc
BXC,Bluelinx Holdings Inc
BXMT,Blackstone Mortgage Trust Reit Cla
BXP,Bxp Inc
BY,Byline Bancorp Inc
BYD,Boyd Gaming Corp
BYND,Beyond Meat Inc
BYRN,Byrna Technologies Inc
BZH,Beazer Homes Inc
C,Citigroup Inc
CABO,Cable One Inc
CAC,Camden National Corp
CACC,Credit Acceptance Corp
CACI,Caci International Inc Class A
CAG,Conagra Brands Inc
CAH,Cardinal Health Inc
CAI,Caris Life Sciences Inc
CAKE,Cheesecake Factory Inc
CAL,Caleres Inc
CALM,Cal Maine Foods Inc
CALX,Calix Networks Inc
CALY,Callaway Golf Company
CAMPUS,Campus Activewear Ltd.
CAMS,Computer Age Management Services Ltd.
CANBK,Canara Bank
CANFINHOME,Can Fin Homes Ltd.
CANHLIFE,Canara HSBC Life Insurance Company Ltd.
CAPLIPOINT,Caplin Point Laboratories Ltd.
CAPR,Capricor Therapeutics Inc
CAR,Avis Budget Group Inc
CARBORUNIV,Carborundum Universal Ltd.
CARE,Carter Bankshares Inc
CARG,Cargurus Inc Class A
CARR,Carrier Global Corp
CARS,Cars.Com Inc
CART,Maplebear Inc
CARTRADE,Cartrade Tech Ltd.
CASH,Pathward Financial Inc
CASS,Cass Information Systems Inc
CASTROLIND,Castrol India Ltd.
CASY,Caseys General Stores Inc
CAT,Caterpillar Inc
CATX,Perspective Therapeutics Inc
CATY,Cathay General Bancorp
CAVA,Cava Group Inc
CB,Chubb
CBAN,Colony Bankcorp Inc
CBL,Cbl Associates Properties Inc
CBLL,Ceribell Inc
CBOE,Cboe Global Markets Inc
CBRE,Cbre Group Inc Class A
CBRL,Cracker Barrel Old Country Store I
CBSH,Commerce Bancshares Inc
CBT,Cabot Corp
CBU,Community Financial System Inc
CBZ,Cbiz Inc
CC,Chemours
CCB,Coastal Financial Corp
CCBG,Capital City Bank Inc
CCC,Ccc Intelligent Solutions Holdings
CCI,Crown Castle Inc
CCK,Crown Holdings Inc
CCL,CCL Products (I) Ltd.
CCNE,Cnb Financial Corp
CCOI,Cogent Communications Holdings Inc
CCRN,Cross Country Healthcare Inc
CCS,Century Communities Inc
CCSI,Consensus Cloud Solutions Inc
CDE,Coeur Mining Inc
CDNA,Caredx Inc
CDNS,Cadence Design Systems Inc
CDP,Copt Defense Properties
CDRE,Cadre Holdings Inc
CDSL,Central Depository Services (India) Ltd.
CDW,Cdw Corp
CDXS,Codexis Inc
CE,Celanese Corp
CEATLTD,Ceat Ltd.
CECO,Ceco Environmental Corp
CEG,Constellation Energy Corp
CELC,Celcuity Inc
CELH,Celsius Holdings Inc
CEMPRO,Cemindia Projects Ltd.
CENT,Central Garden And Pet
CENTA,Central Garden And Pet Class A
CENTRALBK,Central Bank of India
CENTURYPLY,Century Plyboards (India) Ltd.
CENX,Century Aluminum
CERA,Cera Sanitaryware Ltd
CERS,Cerus Corp
CERT,Certara Inc
CESC,CESC Ltd.
CEVA,Ceva Inc
CF,Cf Industries Holdings Inc
CFFN,Capitol Federal Financial Inc
CFG,Citizens Financial Group Inc
CFLT,CONFLUENT INC CLASS A
CFR,Cullen Frost Bankers Inc
CG,Carlyle Group Inc
CGCL,Capri Global Capital Ltd.
CGEM,Cullinan Therapeutics Inc
CGNX,Cognex Corp
CGON,Cg Oncology Inc
CGPOWER,CG Power and Industrial Solutions Ltd.
CHALET,Chalet Hotels Ltd.
CHAMBLFERT,Chambal Fertilizers & Chemicals Ltd.
CHCO,City Holding
CHCT,Community Healthcare Trust Inc
CHD,Church And Dwight Inc
CHDN,Churchill Downs Inc
CHE,Chemed Corp
CHEF,Chefs Warehouse Inc
CHENNPETRO,Chennai Petroleum Corporation Ltd.
CHH,Choice Hotels International Inc
CHOICEIN,Choice International Ltd.
CHOLAFIN,Cholamandalam Investment and Finance Company Ltd.
CHOLAHLDNG,Cholamandalam Financial Holdings Ltd.
CHRD,Chord Energy Corp
CHRS,Coherus Oncology Inc
CHRW,Ch Robinson Worldwide Inc
CHTR,Charter Communications Inc Class A
CHWY,Chewy Inc Class A
CI,Cigna
CIEN,Ciena Corp
CIFR,Cipher Digital Inc
CIM,Chimera Investment Corp
CINF,Cincinnati Financial Corp
CIPLA,Cipla Ltd.
CIVB,Civista Bancshares Inc
CL,Colgate-Palmolive
CLB,Core Laboratories Inc
CLBK,Columbia Financial Inc
CLDT,Chatham Lodging Trust Reit
CLDX,Celldex Therapeutics Inc
CLEAN,Clean Science and Technology Ltd.
CLF,Cleveland Cliffs Inc
CLFD,Clearfield Inc
CLH,Clean Harbors Inc
CLMB,Climb Global Solutions Inc
CLMT,Calumet Inc
CLNE,Clean Energy Fuels Corp
CLOV,Clover Health Investments Corp Cla
CLPT,Clearpoint Neuro Inc
CLSK,Cleanspark Inc
CLVT,Clarivate Plc
CLW,Clearwater Paper Corp
CLX,Clorox
CMC,Commercial Metals
CMCL,Caledonia Mining Plc
CMCO,Columbus Mckinnon Corp
CMCSA,Comcast Corp Class A
CMDB,Costamare Bulkers Holdings Ltd
CME,Cme Group Inc Class A
CMG,Chipotle Mexican Grill Inc
CMI,Cummins Inc
CMP,Compass Minerals International Inc
CMPR,Cimpress Plc
CMPX,Compass Therapeutics
CMRC,Bigcommerce Holdings Inc Series
CMRE,Costamare Inc
CMS,Cms Energy Corp
CMT,Core Molding Technologies Inc
CMTG,Claros Mortgage Trust Inc
CNA,Cna Financial Corp
CNC,Centene Corp
CNDT,Conduent Inc
CNH,Cnh Industrial N.V. Nv
CNK,Cinemark Holdings Inc
CNM,Core & Main Inc Class A
CNMD,Conmed Corp
CNNE,Cannae Holdings Inc
CNO,Cno Financial Group Inc
CNOB,Connectone Bancorp Inc
CNP,Centerpoint Energy Inc
CNR,Core Natural Resources Inc
CNS,Cohen & Steers Inc
CNX,Cnx Resources Corp
CNXC,Concentrix Corp
CNXN,Pc Connection Inc
COALINDIA,Coal India Ltd.
COCHINSHIP,Cochin Shipyard Ltd.
COCO,The Vita Coco Company Inc
CODI,Compass Diversified
COF,Capital One Financial Corp
COFORGE,Coforge Ltd.
COFS,Choiceone Financial Services Inc
COGT,Cogent Biosciences Inc
COHANCE,Cohance Lifesciences Ltd.
COHR,Coherent Corp
COHU,Cohu Inc
COIN,Coinbase Global Inc Class A
COKE,Coca Cola Consolidated Inc
COLB,Columbia Banking System Inc
COLD,Americold Realty Inc Trust
COLL,Collegium Pharmaceutical Inc
COLM,Columbia Sportswear
COLPAL,Colgate Palmolive (India) Ltd.
COMP,Compass Inc Class A
CON,Concentra Group Holdings Parent In
CONCOR,Container Corporation of India Ltd.
CONCORDBIO,Concord Biotech Ltd.
COO,Cooper Inc
COP,Conocophillips
COR,Cencora Inc
COROMANDEL,Coromandel International Ltd.
CORT,Corcept Therapeutics Inc
CORZ,Core Scientific Inc
COST,Costco Wholesale Corp
COTY,Coty Inc Class A
COUR,Coursera Inc
CPAY,Corpay Inc
CPB,Campbell Soup
CPF,Central Pacific Financial Corp
CPK,Chesapeake Utilities Corp
CPNG,Coupang Inc Class A
CPPLUS,Aditya Infotech Ltd.
CPRI,Capri Holdings Ltd
CPRT,Copart Inc
CPRX,Catalyst Pharmaceuticals Inc
CPS,Cooper Standard Holdings Inc
CPT,Camden Property Trust Reit
CR,Crane
CRAFTSMAN,Craftsman Automation Ltd.
CRAI,Cra International Inc
CRC,California Resources Corp
CRCL,Circle Internet Group Inc Class A
CRCT,Cricut Inc Class A
CRDO,Credo Technology Group Holding Ltd
CREDITACC,CreditAccess Grameen Ltd.
CRGY,Crescent Energy Class A
CRH,Crh Public Limited Plc
CRI,Carters Inc
CRISIL,CRISIL Ltd.
CRK,Comstock Resources Inc
CRL,Charles River Laboratories Interna
CRM,Salesforce Inc
CRMD,Cormedix Inc
CRML,Critical Metals Corp
CRMT,Americas Car Mart Inc
CRNC,Cerence Inc
CRNX,Crinetics Pharmaceuticals Inc
CROMPTON,Crompton Greaves Consumer Electricals Ltd.
CROX,Crocs Inc
CRS,Carpenter Technology Corp
CRSP,Crispr Therapeutics Ag
CRSR,Corsair Gaming Inc
CRUS,Cirrus Logic Inc
CRVL,Corvel Corp
CRVS,Corvus Pharmaceuticals Inc
CRWD,Crowdstrike Holdings Inc Class A
CSCO,Cisco Systems Inc
CSGP,Costar Group Inc
CSGS,Csg Systems International Inc
CSL,Carlisle Companies Inc
CSR,Centerspace
CSTL,Castle Biosciences Inc
CSTM,Constellium Se Class A
CSV,Carriage Services Inc
CSW,Csw Industrials Inc
CSX,Csx Corp
CTAS,Cintas Corp
CTBI,Community Trust Bancorp Inc
CTKB,Cytek Biosciences Inc
CTLP,Cantaloupe Inc
CTO,Cto Realty Growth Inc
CTOS,Custom Truck One Source Inc
CTRA,Coterra Energy Inc
CTRE,Caretrust Reit Inc
CTRI,Centuri Holdings Inc
CTS,Cts Corp
CTSH,Cognizant Technology Solutions Cor
CTVA,Corteva Inc
CUB,City Union Bank Ltd.
CUBE,Cubesmart Reit
CUBI,Customers Bancorp Inc
CUMMINSIND,Cummins India Ltd.
CURB,Curbline Properties
CUZ,Cousins Properties Reit Inc
CVBF,Cvb Financial Corp
CVCO,Cavco Industries Inc
CVGW,Calavo Growers Inc
CVI,Cvr Energy Inc
CVLG,Covenant Logistics Group Inc Class
CVLT,Commvault Systems Inc
CVNA,Carvana Class A
CVRX,Cvrx Inc
CVS,Cvs Health Corp
CVSA,Covista Inc
CVX,Chevron Corp
CW,Curtiss Wright Corp
CWAN,Clearwater Analytics Holdings Inc
CWBC,Community West Bancshares
CWCO,Consolidated Water Ltd
CWEN,Clearway Energy Inc Class C
CWENA,Clearway Energy Inc Class A
CWH,Camping World Holdings Inc Class A
CWK,Cushman And Wakefield Ltd
CWST,Casella Waste Systems Inc Class A
CWT,California Water Service Group
CXM,Sprinklr Inc Class A
CXT,Crane Nxt
CXW,Corecivic Reit Inc
CYH,Community Health Systems Inc
CYIENT,Cyient Ltd.
CYRX,Cryoport Inc
CYTK,Cytokinetics Inc
CZFS,Citizens Financial Services Inc
CZNC,Citizens And Northern Corp
CZR,Caesars Entertainment Inc
D,Dominion Energy Inc
DABUR,Dabur India Ltd.
DAKT,Daktronics Inc
DAL,Delta Air Lines Inc
DALBHARAT,Dalmia Bharat Ltd.
DAN,Dana Incorporated Inc
DAR,Darling Ingredients Inc
DASH,Doordash Inc Class A
DATAPATTNS,Data Patterns (India) Ltd.
DAVE,Dave Inc Class A
DAWN,Day One Biopharmaceuticals Inc
DBD,Diebold Nixdorf Inc
DBI,Designer Brands Inc Class A
DBREALTY,Valor Estate Ltd.
DBRG,Digitalbridge Group Inc Class A
DBX,Dropbox Inc Class A
DC,Dakota Gold Corp
DCGO,Docgo Inc
DCH,Dauch Corporation
DCI,Donaldson Inc
DCMSHRIRAM,DCM Shriram Ltd.
DCO,Ducommun Inc
DCOM,Dime Community Bancshares Inc
DD,Dupont De Nemours Inc
DDD,3D Systems Corp
DDOG,Datadog Inc Class A
DDS,Dillards Inc Class A
DE,Deere
DEA,Easterly Government Properties Inc
DEC,Diversified Energy Company
DECK,Deckers Outdoor Corp
DEEPAKFERT,Deepak Fertilisers & Petrochemicals Corp. Ltd.
DEEPAKNTR,Deepak Nitrite Ltd.
DEI,Douglas Emmett Reit Inc
DELHIVERY,Delhivery Ltd.
DELL,Dell Technologies Inc Class C
DEVYANI,Devyani International Ltd.
DFH,Dream Finders Homes Inc Class A
DFIN,Donnelley Financial Solutions Inc
DFTX,Definium Therapeutics Inc
DG,Dollar General Corp
DGICA,Donegal Group Inc Class A
DGII,Digi International Inc
DGX,Quest Diagnostics Inc
DH,Definitive Healthcare Corp Class A
DHC,Diversified Healthcare Trust
DHI,D R Horton Inc
DHIL,Diamond Hill Investment Group Inc
DHR,Danaher Corp
DHT,Dht Holdings Inc
DIN,Dine Brands Global Inc
DINO,Hf Sinclair Corp
DIOD,Diodes Inc
DIS,Walt Disney
DIVISLAB,Divi's Laboratories Ltd.
DIXON,Dixon Technologies (India) Ltd.
DJCO,Daily Journal Corp
DJT,Trump Media Technology Group Corp
DK,Delek Us Holdings Inc
DKNG,Draftkings Inc Class A
DKS,Dicks Sporting Inc
DLB,Dolby Laboratories Inc Class A
DLF,DLF Ltd.
DLR,Digital Realty Trust Reit Inc
DLTR,Dollar Tree Inc
DLX,Deluxe Corp
DMART,Avenue Supermarts Ltd.
DMRC,Digimarc Corp
DNLI,Denali Therapeutics Inc
DNOW,Dnow Inc
DNTH,Dianthus Therapeutics Inc
DNUT,Krispy Kreme Inc
DOC,Healthpeak Properties Inc
DOCN,Digitalocean Holdings Inc
DOCS,Doximity Inc Class A
DOCU,Docusign Inc
DOLE,Dole Plc
DOMO,Domo Inc Class B
DOMS,DOMS Industries Ltd.
DORM,Dorman Products Inc
DOV,Dover Corp
DOW,Dow Inc
DOX,Amdocs Ltd
DPZ,Dominos Pizza Inc
DRH,Diamondrock Hospitality
DRI,Darden Restaurants Inc
DRREDDY,Dr. Reddy's Laboratories Ltd.
DRS,Leonardo Drs Inc
DRUG,Bright Minds Biosciences Inc
DRVN,Driven Brands Holdings Inc
DSGN,Design Therapeutics Inc
DSGR,Distribution Solutions Group Inc
DSP,Viant Technology Inc Class A
DT,Dynatrace Inc
DTE,Dte Energy
DTM,Dt Midstream Inc
DUK,Duke Energy Corp
DUOL,Duolingo Inc Class A
DV,Doubleverify Holdings Inc
DVA,Davita Inc
DVN,Devon Energy Corp
DX,Dynex Capital Reit Inc
DXC,Dxc Technology
DXCM,Dexcom Inc
DXPE,Dxp Enterprises Inc
DY,Dycom Industries Inc
DYN,Dyne Therapeutics Inc
EA,Electronic Arts Inc
EAT,Brinker International Inc
EBAY,Ebay Inc
EBC,Eastern Bankshares Inc
EBF,Ennis Inc
EBS,Emergent Biosolutions Inc
ECG,Everus Construction Group Inc
ECL,Ecolab Inc
ECLERX,eClerx Services Ltd.
ECPG,Encore Capital Group Inc
ECVT,Ecovyst Inc
ED,Consolidated Edison Inc
EDIT,Editas Medicine Inc
EE,Excelerate Energy Inc Class A
EEFT,Euronet Worldwide Inc
EFC,Ellington Financial Inc
EFSC,Enterprise Financial Services Corp
EFX,Equifax Inc
EG,Everest Group Ltd
EGBN,Eagle Bancorp Inc
EGHT,8X8 Inc
EGP,Eastgroup Properties Reit Inc
EGY,Vaalco Energy Inc
EHAB,Enhabit Inc
EHC,Encompass Health Corp
EICHERMOT,Eicher Motors Ltd.
EIDPARRY,E.I.D. Parry (India) Ltd.
EIG,Employers Holdings Inc
EIHOTEL,EIH Ltd.
EIX,Edison International
EL,Estee Lauder Inc Class A
ELAN,Elanco Animal Health Inc
ELECON,Elecon Engineering Co. Ltd.
ELF,Elf Beauty Inc
ELGIEQUIP,Elgi Equipments Ltd.
ELS,Equity Lifestyle Properties Reit I
ELV,Elevance Health Inc
ELVN,Enliven Therapeutics Inc
EMAMILTD,Emami Ltd.
EMBC,Embecta Corp
EMCURE,Emcure Pharmaceuticals Ltd.
EME,Emcor Group Inc
EMMVEE,Emmvee Photovoltaic Power Ltd.
EMN,Eastman Chemical
EMR,Emerson Electric
ENDURANCE,Endurance Technologies Ltd.
ENGINERSIN,Engineers India Ltd.
ENOV,Enovis Corp
ENPH,Enphase Energy Inc
ENR,Energizer Holdings Inc
ENRIN,Siemens Energy India Ltd.
ENS,Enersys
ENSG,Ensign Group Inc
ENTA,Enanta Pharmaceuticals Inc
ENTG,Entegris Inc
ENVA,Enova International Inc
ENVX,Enovix Corp
EOG,Eog Resources Inc
EOLS,Evolus Inc
EOSE,Eos Energy Enterprises Inc Class A
EPAC,Enerpac Tool Group Corp Class A
EPAM,Epam Systems Inc
EPC,Edgewell Personal Care
EPM,Evolution Petroleum Corp
EPR,Epr Properties Reit
EPRT,Essential Properties Realty Trust
EQBK,Equity Bancshares Inc Class A
EQH,Equitable Holdings Inc
EQIX,Equinix Reit Inc
EQR,Equity Residential Reit
EQT,Eqt Corp
ERAS,Erasca Inc
ERII,Energy Recovery Inc
ERIS,Eris Lifesciences Ltd.
ES,Eversource Energy
ESAB,Esab Corp
ESCORTS,Escorts Kubota Ltd.
ESE,Esco Technologies Inc
ESI,Element Solutions Inc
ESNT,Essent Group Ltd
ESPR,Esperion Therapeutics Inc
ESQ,Esquire Financial Holdings Inc
ESRT,Empire State Realty Reit Inc Trust
ESS,Essex Property Trust Reit Inc
ESTC,Elastic Nv
ETD,Ethan Allen Interiors Inc
ETERNAL,Eternal Ltd.
ETN,Eaton Plc
ETON,Eton Pharmaceutcials Inc
ETR,Entergy Corp
ETSY,Etsy Inc
EU,Encore Energy Corp
EVC,Entravision Communications Corp Cl
EVCM,Evercommerce Inc
EVER,Everquote Inc Class A
EVGO,Evgo Inc Class A
EVH,Evolent Health Inc Class A
EVLV,Evolv Technologies Holdings Inc Cl
EVR,Evercore Inc Class A
EVRG,Evergy Inc
EVTC,Evertec Inc
EW,Edwards Lifesciences Corp
EWBC,East West Bancorp Inc
EWCZ,European Wax Center Inc Class A
EWTX,Edgewise Therapeutics Inc
EXAS,Exact Sciences Corp
EXC,Exelon Corp
EXE,Expand Energy Corp
EXEL,Exelixis Inc
EXIDEIND,Exide Industries Ltd.
EXLS,Exlservice Holdings Inc
EXP,Eagle Materials Inc
EXPD,Expeditors International Of Washin
EXPE,Expedia Group Inc
EXPI,Exp World Holdings Inc
EXPO,Exponent Inc
EXR,Extra Space Storage Reit Inc
EXTR,Extreme Networks Inc
EYE,National Vision Holdings Inc
EYPT,Eyepoint Inc
F,Ford Motor Co
FA,First Advantage Corp
FACT,Fertilisers and Chemicals Travancore Ltd.
FAF,First American Financial Corp
FANG,Diamondback Energy Inc
FAST,Fastenal
FATE,Fate Therapeutics Inc
FBIN,Fortune Brands Innovations Inc
FBIZ,First Business Financial Services
FBK,Fb Financial Corp
FBNC,First Bancorp
FBP,First Bancorp
FBRT,Franklin Bsp Realty Trust Inc
FC,Franklin Covey
FCBC,First Community Bankshares Inc
FCF,First Commonwealth Financial Corp
FCFS,Firstcash Holdings Inc
FCN,Fti Consulting Inc
FCNCA,First Citizens Bancshares Inc Clas
FCPT,Four Corners Property Inc Trust
FCX,Freeport Mcmoran Inc
FDBC,Fidelity D And D Bancorp Inc
FDMT,4D Molecular Therapeutics Inc
FDP,Fresh Del Monte Produce Inc
FDS,Factset Research Systems Inc
FDX,Fedex Corp
FE,Firstenergy Corp
FEDERALBNK,Federal Bank Ltd.
FELE,Franklin Electric Inc
FERG,Ferguson Enterprises Inc
FET,Forum Energy Technologies Inc
FFBC,First Financial Bancorp
FFIC,Flushing Financial Corp
FFIN,First Financial Bankshares Inc
FFIV,F5 Inc
FFWM,First Foundation Inc
FG,F&G Annuities And Life Inc
FHB,First Hawaiian Inc
FHN,First Horizon Corp
FIBK,First Interstate Bancsystem Inc
FICO,Fair Isaac Corp
FIGR,Figure Technology Solutions Inc Cl
FIGS,Figs Inc Class A
FIHL,Fidelis Insurance Holdings Ltd
FINCABLES,Finolex Cables Ltd.
FINPIPE,Finolex Industries Ltd.
FIP,Ftai Infrastructure Inc
FIRSTCRY,Brainbees Solutions Ltd.
FIS,Fidelity National Information Serv
FISI,Financial Institutions Inc
FISV,Fiserv Inc
FITB,Fifth Third Bancorp
FIVE,Five Below Inc
FIVESTAR,Five-Star Business Finance Ltd.
FIVN,Five9 Inc
FIX,Comfort Systems Usa Inc
FIZZ,National Beverage Corp
FLEX,Flex Ltd
FLG,Flagstar Bank National Association
FLGT,Fulgent Genetics Inc
FLNC,Fluence Energy Inc Class A
FLNG,Flex Lng Ltd
FLO,Flowers Foods Inc
FLOC,Flowco Holdings Inc Class A
FLR,Fluor Corp
FLS,Flowserve Corp
FLUOROCHEM,Gujarat Fluorochemicals Ltd.
FLUT,Flutter Entertainment Plc
FLWS,1-800 Flowers.Com Inc Class A
FLY,Firefly Aerospace Inc
FLYW,Flywire Corp
FMAO,Farmers And Merchants Bancorp Inc
FMBH,First Mid Bancshares Inc
FMC,Fmc Corp
FMNB,Farmers National Banc Corp
FN,Fabrinet
FNB,Fnb Corp
FND,Floor Decor Holdings Inc Class A
FNF,Fidelity National Financial Inc
FNKO,Funko Inc Class A
FNLC,First Bancorp Inc
FOLD,Amicus Therapeutics Inc
FOR,Forestar Group Inc
FORCEMOT,Force Motors Ltd.
FORM,Formfactor Inc
FORR,Forrester Research Inc
FORTIS,Fortis Healthcare Ltd.
FOUR,Shift4 Payments Inc Class A
FOX,Fox Corp Class B
FOXA,Fox Corp Class A
FOXF,Fox Factory Holding Corp
FPI,Farmland Partners Inc
FR,First Industrial Realty Trust Inc
FRBA,First Bank
FRHC,Freedom Holding Corp
FRME,First Merchants Corp
FRPH,Frp Holdings Inc
FRPT,Freshpet Inc
FRSH,Freshworks Inc Class A
FRST,Primis Financial Corp
FRT,Federal Realty Investment Trust Re
FSBC,Five Star Bancorp
FSBW,Fs Bancorp Inc
FSL,Firstsource Solutions Ltd.
FSLR,First Solar Inc
FSLY,Fastly Inc Class A
FSS,Federal Signal Corp
FSUN,Firstsun Capital Bancorp
FTAI,Ftai Aviation Ltd
FTDR,Frontdoor Inc
FTI,Technipfmc Plc
FTNT,Fortinet Inc
FTRE,Fortrea Holdings Inc
FTV,Fortive Corp
FUBO,Fubotv Inc Class A
FUL,Hb Fuller
FULC,Fulcrum Therapeutics Inc
FULT,Fulton Financial Corp
FUN,Six Flags Entertainment Corp
FWONA,Liberty Media Formula One Series A
FWONK,Liberty Media Formula One Series C
FWRD,Forward Air Corp
FWRG,First Watch Restaurant Group Inc
G,Genpact Ltd
GABC,German American Bancorp Inc
GABRIEL,Gabriel India Ltd.
GAIL,GAIL (India) Ltd.
GALLANTT,Gallantt Ispat Ltd.
GAP,Gap Inc
GATX,Gatx Corp
GBCI,Glacier Bancorp Inc
GBTG,Global Business Travel Group Inc C
GBX,Greenbrier Inc
GCMG,Gcm Grosvenor Inc Class A
GCO,Genesco Inc
GCT,Gigacloud Technology Inc Class A
GD,General Dynamics Corp
GDDY,Godaddy Inc Class A
GDEN,Golden Entertainment Inc
GDOT,Green Dot Corp Class A
GDYN,Grid Dynamics Holdings Inc Class A
GE,Ge Aerospace
GEF,Greif Inc Class A
GEFB,Greif Inc Class B
GEHC,Ge Healthcare Technologies Inc
GEN,Gen Digital Inc
GENI,Genius Sports Ltd
GEO,Geo Group Inc
GERN,Geron Corp
GESHIP,Great Eastern Shipping Co. Ltd.
GETY,Getty Images Holdings Inc Class A
GEV,Ge Vernova Inc
GEVO,Gevo Inc
GFF,Griffon Corp
GFS,Globalfoundries Inc
GGG,Graco Inc
GH,Guardant Health Inc
GHC,Graham Holdings Company Class B
GHM,Graham Corp
GIC,Global Industrial
GICRE,General Insurance Corporation of India
GIII,G Iii Apparel Group Ltd
GILD,Gilead Sciences Inc
GILLETTE,Gillette India Ltd.
GIS,General Mills Inc
GKOS,Glaukos Corp
GL,Globe Life Inc
GLAND,Gland Pharma Ltd.
GLAXO,Glaxosmithkline Pharmaceuticals Ltd.
GLDD,Great Lakes Dredge And Dock Corp
GLENMARK,Glenmark Pharmaceuticals Ltd.
GLIBA,Gci Liberty Inc Series A
GLIBK,Gci Liberty Inc Series C
GLNG,Golar Lng Ltd
GLOB,Globant Sa
GLPI,Gaming And Leisure Properties Reit
GLRE,Greenlight Capital Ltd Class A
GLUE,Monte Rosa Therapeutics Inc
GLW,Corning Inc
GM,General Motors
GMDCLTD,Gujarat Mineral Development Corporation Ltd.
GME,Gamestop Corp Class A
GMED,Globus Medical Inc Class A
GMRAIRPORT,GMR Airports Ltd.
GNE,Genie Energy Ltd Class B
GNK,Genco Shipping And Trading Ltd
GNL,Global Net Lease Inc
GNRC,Generac Holdings Inc
GNTX,Gentex Corp
GNW,Genworth Financial Inc
GO,Grocery Outlet Holding Corp
GODFRYPHLP,Godfrey Phillips India Ltd.
GODIGIT,Go Digit General Insurance Ltd.
GODREJAGRO,Godrej Agrovet Ltd.
GODREJCP,Godrej Consumer Products Ltd.
GODREJIND,Godrej Industries Ltd.
GODREJPROP,Godrej Properties Ltd.
GOGO,Gogo Inc
GOLD,Gold Inc
GOLF,Acushnet Holdings Corp
GOOD,Gladstone Commercial Reit Corp
GOOG,Alphabet Inc Class C
GOOGL,Alphabet Inc Class A
GOSS,Gossamer Bio Inc
GPC,Genuine Parts
GPGI,Gpgi Inc Class A
GPI,Group Automotive Inc
GPIL,Godawari Power & Ispat Ltd.
GPK,Graphic Packaging Holding
GPN,Global Payments Inc
GPOR,Gulfport Energy Corp
GPRE,Green Plains Inc
GRAL,Grail Inc
GRANULES,Granules India Ltd.
GRAPHITE,Graphite India Ltd.
GRASIM,Grasim Industries Ltd.
GRAVITA,Gravita India Ltd.
GRBK,Green Brick Partners Inc
GRC,Gorman-Rupp
GRDN,Guardian Pharmacy Services Inc Cla
GRMN,Garmin Ltd
GRND,Grindr Inc
GRNT,Granite Ridge Resources Inc
GROWW,Billionbrains Garage Ventures Ltd.
GRPN,Groupon Inc
GRSE,Garden Reach Shipbuilders & Engineers Ltd.
GS,Goldman Sachs Group Inc
GSAT,Globalstar Voting Inc
GSBC,Great Southern Bancorp Inc
GSHD,Goosehead Insurance Inc Class A
GSPL,Gujarat State Petronet Ltd.
GT,Goodyear Tire & Rubber
GTES,Gates Industrial Plc
GTLB,Gitlab Inc Class A
GTLS,Chart Industries Inc
GTM,Zoominfo Technologies Inc
GTN,Gray Media Inc
GTX,Garrett Motion Inc
GTXI,Gtxi Inc - Cvr
GTY,Getty Realty Reit Corp
GUJGASLTD,Gujarat Gas Ltd.
GVA,Granite Construction Inc
GVT&D,GE Vernova T&D India Ltd.
GWRE,Guidewire Software Inc
GWW,Ww Grainger Inc
GXO,Gxo Logistics Inc
H,Hyatt Hotels Corp Class A
HAE,Haemonetics Corp
HAFC,Hanmi Financial Corp
HAIN,Hain Celestial Group Inc
HAL,Hindustan Aeronautics Ltd.
HALO,Halozyme Therapeutics Inc
HAPPSTMNDS,Happiest Minds Technologies Ltd.
HAS,Hasbro Inc
HASI,Ha Sustainable Infrastructure Capi
HAVELLS,Havells India Ltd.
HAYW,Hayward Holdings Inc
HBAN,Huntington Bancshares Inc
HBCP,Home Bancorp Inc
HBLENGINE,HBL Engineering Ltd.
HBNC,Horizon Bancorp Inc
HBT,Hbt Financial Inc
HCA,Hca Healthcare Inc
HCAT,Health Catalyst Inc
HCC,Warrior Met Coal Inc
HCI,Hci Group Inc
HCKT,Hackett Group Inc
HCLTECH,HCL Technologies Ltd.
HCSG,Healthcare Services Group Inc
HD,Home Depot Inc
HDBFS,HDB Financial Services Ltd.
HDFCAMC,HDFC Asset Management Company Ltd.
HDFCBANK,HDFC Bank Ltd.
HDFCLIFE,HDFC Life Insurance Company Ltd.
HDSN,Hudson Technologies Inc
HE,Hawaiian Electric Industries Inc
HEG,H.E.G. Ltd.
HEI,Heico Corp
HEIA,Heico Corp Class A
HELE,Helen Of Troy Ltd
HEROMOTOCO,Hero MotoCorp Ltd.
HEXT,Hexaware Technologies Ltd.
HFCL,HFCL Ltd.
HFWA,Heritage Financial Corp
HG,Hamilton Insurance Group Ltd Class
HGV,Hilton Grand Vacations Inc
HHH,Howard Hughes Holdings Inc
HIFS,Hingham Institution For Savings
HIG,Hartford Insurance Group Inc
HII,Huntington Ingalls Industries Inc
HIMS,Hims Hers Health Inc Class A
HINDALCO,Hindalco Industries Ltd.
HINDCOPPER,Hindustan Copper Ltd.
HINDPETRO,Hindustan Petroleum Corporation Ltd.
HINDUNILVR,Hindustan Unilever Ltd.
HINDZINC,Hindustan Zinc Ltd.
HIPO,Hippo Holdings Inc
HIW,Highwoods Properties Reit Inc
HL,Hecla Mining
HLF,Herbalife Ltd
HLI,Houlihan Lokey Inc Class A
HLIO,Helios Technologies Inc
HLIT,Harmonic Inc
HLMN,Hillman Solutions Corp
HLNE,Hamilton Lane Inc Class A
HLT,Hilton Worldwide Holdings Inc
HLX,Helix Energy Solutions Group Inc
HMN,Horace Mann Educators Corp
HNI,Hni Corp
HNRG,Hallador Energy
HNST,The Honest Company Inc
HOG,Harley Davidson Inc
HOLX,Hologic Inc
HOMB,Home Bancshares Inc
HOMEFIRST,Home First Finance Company India Ltd.
HON,Honeywell International Inc
HONASA,Honasa Consumer Ltd.
HONAUT,Honeywell Automation India Ltd.
HOOD,Robinhood Markets Inc Class A
HOPE,Hope Bancorp Inc
HOV,Hovnanian Enterprises Inc Class A
HP,Helmerich & Payne Inc
HPE,Hewlett Packard Enterprise
HPP,Hudson Pacific Properties Reit Inc
HPQ,Hp Inc
HQY,Healthequity Inc
HR,Healthcare Realty Trust Inc Class
HRB,H&R Block Inc
HRI,Herc Holdings Inc
HRL,Hormel Foods Corp
HRMY,Harmony Biosciences Hldg Inc
HROW,Harrow Inc
HRTG,Heritage Insurance Holdings Inc
HRTX,Heron Therapeutics Inc
HSCL,Himadri Speciality Chemical Ltd.
HSIC,Henry Schein Inc
HST,Host Hotels & Resorts Reit Inc
HSTM,Healthstream Inc
HSY,Hershey Foods
HTB,Hometrust Bancshares Inc
HTBK,Heritage Commerce Corp
HTFL,Heartflow Inc
HTH,Hilltop Holdings Inc
HTLD,Heartland Express Inc
HTO,H2O America
HTZ,Hertz Global Hldgs Inc
HUBB,Hubbell Inc
HUBG,Hub Group Inc Class A
HUBS,Hubspot Inc
HUDCO,Housing & Urban Development Corporation Ltd.
HUM,Humana Inc
HUMA,Humacyte Inc
HUN,Huntsman Corp
HURN,Huron Consulting Group Inc
HUT,Hut Corp
HVT,Haverty Furniture Companies Inc
HWC,Hancock Whitney Corp
HWKN,Hawkins Inc
HWM,Howmet Aerospace Inc
HXL,Hexcel Corp
HY,Hyster Yale Inc Class A
HYLN,Hyliion Holdings Corp
HYUNDAI,Hyundai Motor India Ltd.
HZO,Marinemax Inc
IAC,Iac Inc
IART,Integra Lifesciences Holdings Corp
IBCP,Independent Bank Corp
IBKR,Interactive Brokers Group Inc Clas
IBM,International Business Machines Co
IBOC,International Bancshares Corp
IBP,Installed Building Products Inc
IBRX,Immunitybio Inc
IBTA,Ibotta Inc Class A
ICE,Intercontinental Exchange Inc
ICFI,Icf International Inc
ICHR,Ichor Holdings Ltd
ICICIAMC,ICICI Prudential Asset Management Company Ltd.
ICICIBANK,ICICI Bank Ltd.
ICICIGI,ICICI Lombard General Insurance Company Ltd.
ICICIPRULI,ICICI Prudential Life Insurance Company Ltd.
ICUI,Icu Medical Inc
IDA,Idacorp Inc
IDBI,IDBI Bank Ltd.
IDCC,Interdigital Inc
IDEA,Vodafone Idea Ltd.
IDFCFIRSTB,IDFC First Bank Ltd.
IDR,Idaho Strategic Resources Inc
IDT,Idt Corp Class B
IDXX,Idexx Laboratories Inc
IDYA,Ideaya Biosciences Inc
IE,Ivanhoe Electric Inc
IESC,Ies Inc
IEX,Indian Energy Exchange Ltd.
IFCI,IFCI Ltd.
IFF,International Flavors & Fragrances
IGIL,International Gemmological Institute (India) Ltd.
IGL,Indraprastha Gas Ltd.
IHRT,Iheartmedia Inc Class A
IIFL,IIFL Finance Ltd.
IIIN,Insteel Industries Inc
IIIV,I3 Verticals Inc Class A
IIPR,Innovative Industrial Properties I
IKS,Inventurus Knowledge Solutions Ltd.
ILMN,Illumina Inc
ILPT,Industrial Logistics Properties Tr
IMAX,Imax Corp
IMKTA,Ingles Markets Inc Class A
IMMR,Immersion Corp
IMNM,Immunome Inc
IMVT,Immunovant Inc
IMXI,International Money Express Inc
INBK,First Internet Bancorp
INBX,Inhibrx Biosciences Inc
INCY,Incyte Corp
INDB,Independent Bank Corp
INDGN,Indegene Ltd.
INDHOTEL,Indian Hotels Co. Ltd.
INDI,Indie Semiconductor Inc Class A
INDIACEM,India Cements Ltd.
INDIAMART,Indiamart Intermesh Ltd.
INDIANB,Indian Bank
INDIGO,InterGlobe Aviation Ltd.
INDUSINDBK,IndusInd Bank Ltd.
INDUSTOWER,Indus Towers Ltd.
INDV,Indivior Pharmaceuticals Inc
INFY,Infosys Ltd.
INGM,Ingram Micro Holding Corp
INGN,Inogen Inc
INGR,Ingredion Inc
INH,Inhibrx Inc Cvr
INN,Summit Hotel Properties Reit Inc
INOD,Innodata Inc
INOXINDIA,INOX India Ltd.
INOXWIND,Inox Wind Ltd.
INR,Infinity Natural Resources Inc Cla
INSE,Inspired Entertainment Inc
INSM,Insmed Inc
INSP,Inspire Medical Systems Inc
INSW,International Seaways Inc
INTA,Intapp Inc
INTC,Intel Corporation Corp
INTELLECT,Intellect Design Arena Ltd.
INTU,Intuit Inc
INVA,Innoviva Inc
INVH,Invitation Homes Inc
INVX,Innovex International Inc
IOB,Indian Overseas Bank
IOC,Indian Oil Corporation Ltd.
IONQ,Ionq Inc
IONS,Ionis Pharmaceuticals Inc
IOSP,Innospec Inc
IOT,Samsara Inc Class A
IOVA,Iovance Biotherapeutics Inc
IP,International Paper
IPAR,Interparfums Inc
IPCALAB,Ipca Laboratories Ltd.
IPGP,Ipg Photonics Corp
IPI,Intrepid Potash Inc
IQV,Iqvia Holdings Inc
IR,Ingersoll Rand Inc
IRB,IRB Infrastructure Developers Ltd.
IRCON,IRCON International Ltd.
IRCTC,Indian Railway Catering And Tourism Corporation Ltd.
IRDM,Iridium Communications Inc
IREDA,Indian Renewable Energy Development Agency Ltd.
IRFC,Indian Railway Finance Corporation Ltd.
IRM,Iron Mountain Inc
IRMD,Iradimed Corp
IRON,Disc Medicine Inc
IRT,Independence Realty Inc
IRTC,Irhythm Holdings Inc
IRWD,Ironwood Pharma Inc Class A
ISRG,Intuitive Surgical Inc
IT,Gartner Inc
ITC,ITC Ltd.
ITCHOTELS,ITC Hotels Ltd.
ITGR,Integer Holdings Corp
ITI,ITI Ltd.
ITIC,Investors Title
ITRI,Itron Inc
ITT,Itt Inc
ITW,Illinois Tool Inc
IVR,Invesco Mortgage Capital Reit Inc
IVT,Inventrust Properties Corp
IVZ,Invesco Ltd
J,Jacobs Solutions Inc
J&KBANK,Jammu & Kashmir Bank Ltd.
JACK,Jack In The Box Inc
JAINREC,Jain Resource Recycling Ltd.
JAKK,Jakks Pacific Inc
JANX,Janux Therapeutics Inc
JAZZ,Jazz Pharmaceuticals Plc
JBCHEPHARM,J.B. Chemicals & Pharmaceuticals Ltd.
JBGS,Jbg Smith Properties
JBHT,Jb Hunt Transport Services Inc
JBI,Janus International Group Inc
JBIO,Jade Biosciences Inc
JBL,Jabil Inc
JBLU,Jetblue Airways Corp
JBMA,JBM Auto Ltd.
JBSS,John B Sanfilippo And Son Inc
JBTM,Jbt Marel Corp
JCI,Johnson Controls International Plc
JEF,Jefferies Financial Group Inc
JELD,Jeld Wen Holding Inc
JHG,Janus Henderson Group Plc
JHX,James Hardie Industries Plc
JINDALSAW,Jindal Saw Ltd.
JINDALSTEL,Jindal Steel Ltd.
JIOFIN,Jio Financial Services Ltd.
JJSF,J And J Snack Foods Corp
JKCEMENT,J.K. Cement Ltd.
JKHY,Jack Henry And Associates Inc
JKTYRE,JK Tyre & Industries Ltd.
JLL,Jones Lang Lasalle Inc
JMFINANCIL,JM Financial Ltd.
JMSB,John Marshall Bancorp Inc
JNJ,Johnson & Johnson
JOBY,Joby Aviation Inc Class A
JOE,St Joe
JOUT,Johnson Outdoors Inc Class A
JPM,Jpmorgan Chase & Co
JPPOWER,Jaiprakash Power Ventures Ltd.
JRVR,James River Group Holdings Inc
JSL,Jindal Stainless Ltd.
JSWCEMENT,JSW Cement Ltd.
JSWENERGY,JSW Energy Ltd.
JSWINFRA,JSW Infrastructure Ltd.
JSWSTEEL,JSW Steel Ltd.
JUBLFOOD,Jubilant Foodworks Ltd.
JUBLINGREA,Jubilant Ingrevia Ltd.
JUBLPHARMA,Jubilant Pharmova Ltd.
JWL,Jupiter Wagons Ltd.
JXN,Jackson Financial Inc Class A
JYOTHYLAB,Jyothy Labs Ltd.
JYOTICNC,Jyoti CNC Automation Ltd.
KAI,Kadant Inc
KAJARIACER,Kajaria Ceramics Ltd.
KALU,Kaiser Aluminium Corp
KALV,Kalvista Pharmaceuticals Inc
KALYANKJIL,Kalyan Jewellers India Ltd.
KARURVYSYA,Karur Vysya Bank Ltd.
KAYNES,Kaynes Technology India Ltd.
KBH,Kb Home
KBR,Kbr Inc
KD,Kyndryl Holdings Inc
KDP,Keurig Dr Pepper Inc
KE,Kimball Electronics Inc
KEC,Kec International Ltd.
KEI,KEI Industries Ltd.
KELYA,Kelly Services Inc Class A
KEX,Kirby Corp
KEY,Keycorp
KEYS,Keysight Technologies Inc
KFINTECH,Kfin Technologies Ltd.
KFRC,Kforce Inc
KFY,Korn Ferry
KGS,Kodiak Gas Services Inc
KHC,Kraft Heinz
KIDS,Orthopediatrics Corp
KIM,Kimco Realty Reit Corp
KIMS,Krishna Institute of Medical Sciences Ltd.
KIRLOSBROS,Kirloskar Brothers Ltd.
KIRLOSENG,Kirloskar Oil Eng Ltd.
KKR,Kkr And Co Inc
KLAC,Kla Corp
KLC,Kindercare Learning Companies Inc
KLIC,Kulicke And Soffa Industries Inc
KMB,Kimberly Clark Corp
KMI,Kinder Morgan Inc
KMPR,Kemper Corp
KMT,Kennametal Inc
KMTS,Kestra Medical Technologies Ltd
KMX,Carmax Inc
KN,Knowles Corp
KNF,Knife River Corp
KNSL,Kinsale Capital Group Inc
KNTK,Kinetik Holdings Inc Class A
KNX,Knight-Swift Transportation Holdin
KO,Coca-Cola
KOD,Kodiak Sciences Inc
KODK,Eastman Kodak
KOP,Koppers Holdings Inc
KOPN,Kopin Corp
KOS,Kosmos Energy Ltd
KOTAKBANK,Kotak Mahindra Bank Ltd.
KPIL,Kalpataru Projects International Ltd.
KPITTECH,KPIT Technologies Ltd.
KPRMILL,K.P.R. Mill Ltd.
KR,Kroger
KRC,Kilroy Realty Reit Corp
KREF,Kkr Real Estate Finance Inc Trust
KRG,Kite Realty Group Trust Reit
KRMN,Karman Holdings Inc
KRNY,Kearny Financial Corp
KROS,Keros Therapeutics Inc
KRRO,Korro Bio Inc
KRUS,Kura Sushi Usa Inc
KRYS,Krystal Biotech Inc
KSB,KSB Ltd.
KSS,Kohls Corp
KTB,Kontoor Brands Inc
KTOS,Kratos Defense And Security Soluti
KURA,Kura Oncology Inc
KVUE,Kenvue Inc
KW,Kennedy Wilson Holdings Inc
KWR,Quaker Houghton Corp
KYMR,Kymera Therapeutics Inc
L,Loews Corp
LAB,Standard Biotools Inc
LAD,Lithia Motors Inc Class A
LADR,Ladder Capital Corp Class A
LALPATHLAB,Dr. Lal Path Labs Ltd.
LAMR,Lamar Advertising Company Clas
LAND,Gladstone Land Reit Corp
LASR,Nlight Inc
LATENTVIEW,Latent View Analytics Ltd.
LAUR,Laureate Education Inc
LAURUSLABS,Laurus Labs Ltd.
LAW,Cs Disco Inc
LAZ,Lazard Inc
LBRDA,Liberty Broadband Corp Series A
LBRDK,Liberty Broadband Corp Series C
LBRT,Liberty Energy Inc Class A
LBTYA,Liberty Global Ltd Class A
LBTYK,Liberty Global Ltd Class C
LC,Lendingclub Corp
LCID,Lucid Group Inc
LCII,Lci Industries
LDOS,Leidos Holdings Inc
LEA,Lear Corp
LECO,Lincoln Electric Holdings Inc
LEG,Leggett & Platt Inc
LEMONTREE,Lemon Tree Hotels Ltd.
LEN,Lennar A Corp Class A
LENB,Lennar Corp Class B
LENSKART,Lenskart Solutions Ltd.
LENZ,Lenz Therapeutics Inc
LEU,Centrus Energy Corp Class A
LFST,Lifestance Health Group Inc
LFUS,Littelfuse Inc
LGEINDIA,LG Electronics India Ltd.
LGIH,Lgi Homes Inc
LGN,Legence Corp Class A
LGND,Ligand Pharmaceuticals Inc
LH,Labcorp Holdings Inc
LHX,L3Harris Technologies Inc
LICHSGFIN,LIC Housing Finance Ltd.
LICI,Life Insurance Corporation of India
LIF,Life360 Inc
LII,Lennox International Inc
LILA,Liberty Latin America Ltd Class A
LILAK,Liberty Latin America Ltd Class C
LIN,Linde Plc
LINC,Lincoln Educational Services Corp
LIND,Lindblad Expeditions Holdings Inc
LINDEINDIA,Linde India Ltd.
LINE,Lineage Inc
LION,Lionsgate Studios Corp
LITE,Lumentum Holdings Inc
LIVN,Livanova Plc
LKFN,Lakeland Financial Corp
LKQ,Lkq Corp
LLOYDSME,Lloyds Metals And Energy Ltd.
LLY,Eli Lilly
LLYVA,Liberty Live Holdings Inc
LLYVK,Liberty Live Holdings Inc
LMAT,Lemaitre Vascular Inc
LMB,Limbach Holdings Inc
LMND,Lemonade Inc
LMNR,Limoneira
LMT,Lockheed Martin Corp
LNC,Lincoln National Corp
LNG,Cheniere Energy Inc
LNN,Lindsay Corp
LNT,Alliant Energy Corp
LNTH,Lantheus Holdings Inc
LOAR,Loar Holdings Inc
LOB,Live Oak Bancshares Inc
LOCO,El Pollo Loco Inc
LODHA,Lodha Developers Ltd.
LOPE,Grand Canyon Education Inc
LOVE,Lovesac Company
LOW,Lowes Companies Inc
LPG,Dorian Lpg Ltd
LPLA,Lpl Financial Holdings Inc
LPRO,Open Lending Corp
LPX,Louisiana Pacific Corp
LQDA,Liquidia Corp
LQDT,Liquidity Services Inc
LRCX,Lam Research Corp
LRMR,Larimar Therapeutics Inc
LRN,Stride Inc
LSCC,Lattice Semiconductor Corp
LSTR,Landstar System Inc
LT,Larsen & Toubro Ltd.
LTC,Ltc Properties Reit Inc
LTF,L&T Finance Ltd.
LTFOODS,LT Foods Ltd.
LTH,Life Time Group Holdings Inc
LTM,LTIMindtree Ltd.
LTTS,L&T Technology Services Ltd.
LULU,Lululemon Athletica Inc
LUMN,Lumen Technologies Inc
LUNG,Pulmonx Corp
LUNR,Intuitive Machines Inc Class A
LUPIN,Lupin Ltd.
LUV,Southwest Airlines
LVS,Las Vegas Sands Corp
LW,Lamb Weston Holdings Inc
LXEO,Lexeo Therapeutics Inc
LXFR,Luxfer Holdings Plc
LXP,Lxp Industrial Trust
LXU,Lsb Industries Inc
LYB,Lyondellbasell Industries Nv Class
LYFT,Lyft Inc Class A
LYTS,Lsi Industries Inc
LYV,Live Nation Entertainment Inc
LZ,Legalzoom Com Inc
LZB,La-Z-Boy Inc
M,Macys Inc
M&M,Mahindra & Mahindra Ltd.
M&MFIN,Mahindra & Mahindra Financial Services Ltd.
MA,Mastercard Inc Class A
MAA,Mid America Apartment Communities
MAC,Macerich Reit
MAHABANK,Bank of Maharashtra
MAHSCOOTER,Maharashtra Scooters Ltd.
MAHSEAMLES,Maharashtra Seamless Ltd.
MAMA,Mamas Creations Inc
MAN,Manpower Inc
MANAPPURAM,Manappuram Finance Ltd.
MANH,Manhattan Associates Inc
MANKIND,Mankind Pharma Ltd.
MANYAVAR,Vedant Fashions Ltd.
MAPMYINDIA,C.E. Info Systems Ltd.
MAR,Marriott International Inc Class A
MARA,Mara Holdings Inc
MARICO,Marico Ltd.
MARUTI,Maruti Suzuki India Ltd.
MAS,Masco Corp
MASI,Masimo Corp
MASS,908 Devices Inc
MAT,Mattel Inc
MATV,Mativ Holdings Inc
MATW,Matthews International Corp Class
MATX,Matson Inc
MAX,Mediaalpha Inc Class A
MAXHEALTH,Max Healthcare Institute Ltd.
MAZDOCK,Mazagoan Dock Shipbuilders Ltd.
MAZE,Maze Therapeutics Inc
MBC,Masterbrand Inc
MBI,Mbia Inc
MBIN,Merchants Bancorp
MBUU,Malibu Boats Class A Inc
MBWM,Mercantile Bank Corp
MBX,Mbx Biosciences Inc
MC,Moelis Class A
MCB,Metropolitan Bank Holding Corp
MCBS,Metrocity Bankshares Inc
MCD,Mcdonalds Corp
MCFT,Mastercraft Boat Holdings Inc
MCHB,Mechanics Bancorp Class A
MCHP,Microchip Technology Inc
MCK,Mckesson Corp
MCO,Moodys Corp
MCRI,Monarch Casino And Resort Inc
MCS,The Marcus Corp
MCW,Mister Car Wash Inc
MCX,Multi Commodity Exchange of India Ltd.
MCY,Mercury General Corp
MD,Pediatrix Medical Group Inc
MDB,Mongodb Inc Class A
MDGL,Madrigal Pharmaceuticals Inc
MDLN,Medline Inc Class A
MDLZ,Mondelez International Inc Class A
MDT,Medtronic Plc
MDU,Mdu Resources Group Inc
MDXG,Mimedx Group Inc
MED,Medifast Inc
MEDANTA,Global Health Ltd.
MEDP,Medpace Holdings Inc
MEESHO,Meesho Ltd.
MEG,Montrose Environmental Grp Inc
MEI,Methode Electronics Inc
MET,Metlife Inc
META,Meta Platforms Inc Class A
METC,Ramaco Resources Inc Class A
METROPOLIS,Metropolis Healthcare Ltd.
MFA,Mfa Financial Inc
MFSL,Max Financial Services Ltd.
MGEE,Mge Energy Inc
MGL,Mahanagar Gas Ltd.
MGM,Mgm Resorts International
MGNI,Magnite Inc
MGPI,Mgp Ingredients Inc
MGRC,Mcgrath Rent
MGTX,Meiragtx Holdings Plc
MGY,Magnolia Oil Gas Corp Class A
MHK,Mohawk Industries Inc
MHO,M I Homes Inc
MIAX,Miami International Holdings Inc
MIDD,Middleby Corp
MINDACORP,Minda Corporation Ltd.
MIR,Mirion Technologies Inc Class A
MIRM,Mirum Pharmaceuticals Inc
MITK,Mitek Systems Inc
MKC,Mccormick & Co Non-Voting Inc
MKL,Markel Group Inc
MKSI,Mks
MKTX,Marketaxess Holdings Inc
MLAB,Mesa Laboratories Inc
MLI,Mueller Industries Inc
MLKN,Millerknoll Inc
MLM,Martin Marietta Materials Inc
MLR,Miller Industries Inc
MLYS,Mineralys Therapeutics Inc
MMI,Marcus & Millichap Inc
MMM,3M
MMS,Maximus Inc
MMSI,Merit Medical Systems Inc
MMTC,MMTC Ltd.
MNKD,Mannkind Corp
MNRO,Monro Inc
MNST,Monster Beverage Corp
MNTK,Montauk Renewables Inc
MO,Altria Group Inc
MOD,Modine Manufacturing
MOGA,Moog Inc Class A
MOH,Molina Healthcare Inc
MORN,Morningstar Inc
MOS,Mosaic
MOTHERSON,Samvardhana Motherson International Ltd.
MOTILALOFS,Motilal Oswal Financial Services Ltd.
MOV,Movado Group Inc
MP,Mp Materials Corp Class A
MPB,Mid Penn Bancorp Inc
MPC,Marathon Petroleum Corp
MPHASIS,MphasiS Ltd.
MPLT,Maplight Therapeutics Inc
MPT,Medical Properties Trust Reit Inc
MPWR,Monolithic Power Systems Inc
MQ,Marqeta Inc Class A
MRCY,Mercury Systems Inc
MRF,MRF Ltd.
MRK,Merck & Co Inc
MRNA,Moderna Inc
MRP,Millrose Properties Inc Class A
MRPL,Mangalore Refinery & Petrochemicals Ltd.
MRSH,Marsh Inc
MRTN,Marten Transport Ltd
MRVI,Maravai Lifesciences Holdings Inc
MRVL,Marvell Technology Inc
MRX,Marex Group Plc
MS,Morgan Stanley
MSA,Msa Safety Inc
MSBI,Midland States Bancorp Inc
MSCI,Msci Inc
MSEX,Middlesex Water
MSFT,Microsoft Corp
MSGE,Madison Square Garden Entertainmen
MSGS,Madison Square Garden Sports Corp
MSI,Motorola Solutions Inc
MSM,Msc Industrial Inc Class A
MSTR,Strategy Inc Class A
MSUMI,Motherson Sumi Wiring India Ltd.
MTB,M&T Bank Corp
MTCH,Match Group Inc
MTD,Mettler Toledo Inc
MTDR,Matador Resources
MTG,Mgic Investment Corp
MTH,Meritage Corp
MTN,Vail Resorts Inc
MTRN,Materion Corp
MTSI,Macom Technology Solutions Inc
MTUS,Metallus Inc
MTW,Manitowoc Inc
MTX,Minerals Technologies Inc
MTZ,Mastec Inc
MU,Micron Technology Inc
MUR,Murphy Oil Corp
MUSA,Murphy Usa Inc
MUTHOOTFIN,Muthoot Finance Ltd.
MVBF,Mvb Financial Corp
MVIS,Microvision Inc
MVST,Microvast Holdings Inc
MWA,Mueller Water Products Inc Series
MXCT,Maxcyte Inc
MXL,Maxlinear Inc
MYE,Myers Industries Inc
MYGN,Myriad Genetics Inc
MYPS,Playstudios Inc Class A
MYRG,Myr Group Inc
MZTI,Marzetti
NABL,N Able Inc
NAGE,Niagen Bioscience Inc
NAM-INDIA,Nippon Life India Asset Management Ltd.
NAT,Nordic American Tankers Ltd
NATCOPHARM,NATCO Pharma Ltd.
NATIONALUM,National Aluminium Co. Ltd.
NATL,Ncr Atleos Corp
NAUKRI,Info Edge (India) Ltd.
NAVA,Nava Ltd.
NAVI,Navient Corp
NAVINFLUOR,Navin Fluorine International Ltd.
NAVN,Navan Inc Class A
NB,Niocorp Developments Ltd
NBBK,Nb Bancorp Inc
NBCC,NBCC (India) Ltd.
NBHC,National Bank Holdings Corp Class
NBIX,Neurocrine Biosciences Inc
NBN,Northeast Bank
NBR,Nabors Industries Ltd
NBTB,Nbt Bancorp Inc
NCC,NCC Ltd.
NCLH,Norwegian Cruise Line Holdings Ltd
NCMI,National Cinemedia Inc
NCNO,Ncino Inc
NDAQ,Nasdaq Inc
NDSN,Nordson Corp
NE,Noble Corporation Plc
NECB,Northeast Community Bancorp Inc
NEE,Nextera Energy Inc
NEM,Newmont
NEO,Neogenomics Inc
NEOG,Neogen Corp
NESR,National Energy Services Reunited
NESTLEIND,Nestle India Ltd.
NET,Cloudflare Inc Class A
NETWEB,Netweb Technologies India Ltd.
NEU,Newmarket Corp
NEULANDLAB,Neuland Laboratories Ltd.
NEWGEN,Newgen Software Technologies Ltd.
NEWT,Newtekone Inc
NEXT,Nextdecade Corp
NFBK,Northfield Bancorp Inc
NFE,New Fortress Energy Inc Class A
NFG,National Fuel Gas
NFLX,Netflix Inc
NG,Novagold Resources Inc
NGNE,Neurogene Inc
NGVC,Natural Grocers By Vitamin Cottage
NGVT,Ingevity Corp
NH,Narayana Hrudayalaya Ltd.
NHC,National Healthcare Corp
NHI,National Health Investors Reit Inc
NHPC,NHPC Ltd.
NI,Nisource Inc
NIACL,The New India Assurance Company Ltd.
NIC,Nicolet Bankshares Inc
NIQ,Niq Global Intelligence Plc
NIVABUPA,Niva Bupa Health Insurance Company Ltd.
NJR,New Jersey Resources Corp
NKE,Nike Inc Class B
NKTX,Nkarta Inc
NLCINDIA,NLC India Ltd.
NLOP,Net Lease Office Properties
NLY,Annaly Capital Management Reit Inc
NMDC,NMDC Ltd.
NMIH,Nmi Holdings Inc
NMRK,Newmark Group Inc Class A
NN,Nextnav Inc
NNE,Nano Nuclear Energy Inc
NNI,Nelnet Inc Class A
NNN,Nnn Reit Inc
NNOX,Nano X Imaging Ltd
NOC,Northrop Grumman Corp
NOG,Northern Oil And Gas Inc
NOV,Nov Inc
NOVT,Novanta Inc
NOW,Servicenow Inc
NPCE,Neuropace Inc
NPK,National Presto Industries Inc
NPKI,Npk International Inc
NPO,Enpro Inc
NRC,National Research Corp
NRDS,Nerdwallet Inc Class A
NRG,Nrg Energy Inc
NRIM,Northrim Bancorp Inc
NRIX,Nurix Therapeutics Inc
NSA,National Storage Affiliates Trust
NSC,Norfolk Southern Corp
NSIT,Insight Enterprises Inc
NSLNISP,NMDC Steel Ltd.
NSP,Insperity Inc
NSSC,Napco Security Technologies Inc
NTAP,Netapp Inc
NTB,Bank Of Nt Butterfield & Son Ltd
NTCT,Netscout Systems Inc
NTGR,Netgear Inc
NTLA,Intellia Therapeutics Inc
NTNX,Nutanix Inc Class A
NTPC,NTPC Ltd.
NTPCGREEN,NTPC Green Energy Ltd.
NTRA,Natera Inc
NTRS,Northern Trust Corp
NTST,Netstreit Corp
NU,Nu Holdings Ltd Class A
NUE,Nucor Corp
NUS,Nu Skin Enterprises Inc Class A
NUTX,Nutex Health Inc
NUVAMA,Nuvama Wealth Management Ltd.
NUVB,Nuvation Bio Inc Class A
NUVL,Nuvalent Inc Class A
NUVOCO,Nuvoco Vistas Corporation Ltd.
NVAX,Novavax Inc
NVCR,Novocure Ltd
NVDA,Nvidia Corp
NVEC,Nve Corp
NVR,Nvr Inc
NVRI,Enviri Corp
NVST,Envista Holdings Corp
NVT,Nvent Electric Plc
NVTS,Navitas Semiconductor Corp
NWBI,Northwest Bancshares Inc
NWE,Northwestern Energy Group Inc
NWL,Newell Brands Inc
NWN,Northwest Natural Holding Company
NWPX,Nwpx Infrastructure Inc
NWS,News Corp Class B
NWSA,News Corp Class A
NX,Quanex Building Products Corp
NXDR,Nextdoor Holdings Inc Class A
NXDT,Nexpoint Diversified Real Estate T
NXRT,Nexpoint Residential Trust Inc
NXST,Nexstar Media Group Inc
NXT,Nextpower Inc Class A
NYKAA,FSN E-Commerce Ventures Ltd.
NYT,New York Times Class A
O,Realty Income Reit Corp
OABI,Omniab Inc
OBEROIRLTY,Oberoi Realty Ltd.
OBK,Origin Bancorp Inc
OBT,Orange County Bancorp Inc
OC,Owens Corning
OCFC,Oceanfirst Financial Corp
OCUL,Ocular Therapeutix Inc
ODC,Oil Dri Corporation Of America
ODFL,Old Dominion Freight Line Inc
OEC,Orion Sa
OFG,Ofg Bancorp
OFIX,Orthofix Medical Inc
OFLX,Omega Flex Inc
OFSS,Oracle Financial Services Software Ltd.
OGE,Oge Energy Corp
OGN,Organon
OGS,One Gas Inc
OHI,Omega Healthcare Investors Reit In
OI,O I Glass Inc
OII,Oceaneering International Inc
OIL,Oil India Ltd.
OIS,Oil States International Inc
OKE,Oneok Inc
OKLO,Oklo Inc Class A
OKTA,Okta Inc Class A
OLAELEC,Ola Electric Mobility Ltd.
OLECTRA,Olectra Greentech Ltd.
OLED,Universal Display Corp
OLLI,Ollies Bargain Outlet Holdings Inc
OLMA,Olema Pharmaceuticals Inc
OLN,Olin Corp
OLP,One Liberty Properties Reit Inc
OLPX,Olaplex Holdings Inc
OMC,Omnicom Group Inc
OMCL,Omnicell Inc
OMDA,Omada Health Inc
OMER,Omeros Corp
OMF,Onemain Holdings Inc
ON,On Semiconductor Corp
ONB,Old National Bancorp
ONESOURCE,Onesource Specialty Pharma Ltd.
ONEW,Onewater Marine Class A Inc
ONGC,Oil & Natural Gas Corporation Ltd.
ONIT,Onity Group Inc
ONON,On Holding Ag Class A
ONTF,On24 Inc
ONTO,Onto Innovation Inc
OOMA,Ooma Inc
OPCH,Option Care Health Inc
OPK,Opko Health Inc
OPLN,Openlane Inc
OPRX,Optimizerx Corp
OPTU,Optimum Communications Inc Class A
ORA,Ormat Tech Inc
ORC,Orchid Island Capital Inc
ORCL,Oracle Corp
ORGO,Organogenesis Holdings Inc Class A
ORI,Old Republic International Corp
ORIC,Oric Pharmaceuticals Inc
ORKA,Oruka Therapeutics Inc
ORLY,Oreilly Automotive Inc
ORRF,Orrstown Financial Services Inc
OSBC,Old Second Bancorp Inc
OSCR,Oscar Health Inc Class A
OSG,Octave Specialty Group Inc
OSIS,Osi Systems Inc
OSK,Oshkosh Corp
OSPN,Onespan Inc
OSUR,Orasure Technologies Inc
OSW,Onespaworld Holdings Ltd
OTIS,Otis Worldwide Corp
OTTR,Otter Tail Corp
OUST,Ouster Inc
OUT,Outfront Media Inc
OVV,Ovintiv Inc
OWL,Blue Owl Capital Inc Class A
OXM,Oxford Industries Inc
OXY,Occidental Petroleum Corp
OZK,Bank Ozk
PACB,Pacific Biosciences Of California
PACK,Ranpak Holdings Corp Class A
PACS,Pacs Group Inc
PAG,Penske Automotive Group Voting Inc
PAGEIND,Page Industries Ltd.
PAGS,Pagseguro Digital Ltd Class A
PAHC,Phibro Animal Health Corp Class A
PANL,Pangaea Logistics Solutions Ltd
PANW,Palo Alto Networks Inc
PAR,Par Technology Corp
PARADEEP,Paradeep Phosphates Ltd.
PARR,Par Pacific Holdings Inc
PATANJALI,Patanjali Foods Ltd.
PATH,Uipath Inc Class A
PATK,Patrick Industries Inc
PAX,Patria Investments Ltd Class A
PAYC,Paycom Software Inc
PAYO,Payoneer Global Inc
PAYS,Paysign Inc
PAYTM,One 97 Communications Ltd.
PAYX,Paychex Inc
PB,Prosperity Bancshares Inc
PBF,Pbf Energy Inc Class A
PBH,Prestige Consumer Healthcare Inc
PBI,Pitney Bowes Inc
PCAR,Paccar Inc
PCBL,PCBL Chemical Ltd.
PCG,Pg&E Corp
PCOR,Procore Technologies Inc
PCRX,Pacira Biosciences Inc
PCT,Purecycle Technologies Inc
PCTY,Paylocity Holding Corp
PCVX,Vaxcyte Inc
PD,Pagerduty Inc
PDFS,Pdf Solutions Inc
PDM,Piedmont Realty Trust Inc Class A
PEB,Pebblebrook Hotel Trust Reit
PEBO,Peoples Bancorp Inc
PECO,Phillips Edison And Company Inc
PEG,Public Service Enterprise Group In
PEGA,Pegasystems Inc
PEN,Penumbra Inc
PENG,Penguin Solutions Inc
PENN,Penn Entertainment Inc
PEP,Pepsico Inc
PERSISTENT,Persistent Systems Ltd.
PETRONET,Petronet LNG Ltd.
PFBC,Preferred Bank
PFC,Power Finance Corporation Ltd.
PFE,Pfizer Inc
PFG,Principal Financial Group Inc
PFGC,Performance Food Group
PFIS,Peoples Financial Services Corp
PFIZER,Pfizer Ltd.
PFS,Provident Financial Services Inc
PFSI,Pennymac Financial Services Inc
PG,Procter & Gamble
PGC,Peapack Gladstone Financial Corp
PGEL,PG Electroplast Ltd.
PGEN,Precigen Inc
PGHH,Procter & Gamble Hygiene & Health Care Ltd.
PGNY,Progyny Inc
PGR,Progressive Corp
PGY,Pagaya Technologies Ltd Class A
PH,Parker-Hannifin Corp
PHAT,Phathom Pharmaceuticals Inc
PHIN,Phinia Inc
PHM,Pultegroup Inc
PHOENIXLTD,Phoenix Mills Ltd.
PHR,Phreesia Inc
PI,Impinj Inc
PIDILITIND,Pidilite Industries Ltd.
PII,Polaris Inc
PIIND,PI Industries Ltd.
PINELABS,Pine Labs Ltd.
PINS,Pinterest Inc Class A
PIPR,Piper Sandler Companies
PIRAMALFIN,Piramal Finance Ltd.
PJT,Pjt Partners Inc Class A
PK,Park Hotels Resorts Inc
PKE,Park Aerospace Corp
PKG,Packaging Corp Of America
PKST,Peakstone Realty Trust Class E
PL,Planet Labs Class A
PLAB,Photronics Inc
PLAY,Dave And Busters Entertainment Inc
PLD,Prologis Reit Inc
PLMR,Palomar Holdings Inc
PLNT,Planet Fitness Inc Class A
PLOW,Douglas Dynamics Inc
PLPC,Preformed Line Products
PLSE,Pulse Biosciences Inc
PLTK,Playtika Holding Corp
PLTR,Palantir Technologies Inc Class A
PLUG,Plug Power Inc
PLUS,Eplus
PLXS,Plexus Corp
PM,Philip Morris International Inc
PMT,Pennymac Mortgage Investment Trust
PNB,Punjab National Bank
PNBHOUSING,PNB Housing Finance Ltd.
PNC,Pnc Financial Services Group Inc
PNFP,Pinnacle Financial Partners Inc
PNR,Pentair
PNTG,Pennant Group Inc
PNW,Pinnacle West Corp
PODD,Insulet Corp
POLICYBZR,PB Fintech Ltd.
POLYCAB,Polycab India Ltd.
POLYMED,Poly Medicure Ltd.
POOL,Pool Corp
POONAWALLA,Poonawalla Fincorp Ltd.
POR,Portland General Electric
POST,Post Holdings Inc
POWERGRID,Power Grid Corporation of India Ltd.
POWERINDIA,Hitachi Energy India Ltd.
POWI,Power Integrations Inc
POWL,Powell Industries Inc
POWW,Outdoor Holding
PPC,Pilgrims Pride Corp
PPG,Ppg Industries Inc
PPL,Ppl Corp
PPLPHARMA,Piramal Pharma Ltd.
PPTA,Perpetua Resources Corp
PR,Permian Resources Corp Class A
PRA,Proassurance Corp
PRAA,Pra Group Inc
PRAJIND,Praj Industries Ltd.
PRAX,Praxis Precision Medicines Inc
PRCH,Porch Group Inc
PRCT,Procept Biorobotics Corp
PRDO,Perdoceo Education Corp
PREMIERENE,Premier Energies Ltd.
PRESTIGE,Prestige Estates Projects Ltd.
PRG,Prog Holdings Inc
PRGO,Perrigo Plc
PRGS,Progress Software Corp
PRI,Primerica Inc
PRIM,Primoris Services Corp
PRK,Park National Corp
PRKS,United Parks And Resorts Inc
PRLB,Proto Labs Inc
PRM,Perimeter Solutions Inc
PRMB,Primo Brands Class A Corp
PRME,Prime Medicine Inc
PRSU,Pursuit Attractions And Hospitalit
PRTA,Prothena Plc
PRTH,Priority Technology Holdings Inc
PRU,Prudential Financial Inc
PRVA,Privia Health Group Inc
PSA,Public Storage Reit
PSFE,Paysafe Ltd
PSIX,Power Solutions International Inc
PSMT,Pricesmart Inc
PSN,Parsons Corp
PSTG,Everpure Inc Class A
PSTL,Postal Realty Trust Inc Class A
PSX,Phillips
PTC,Ptc Inc
PTCIL,PTC Industries Ltd.
PTCT,Ptc Therapeutics Inc
PTEN,Patterson Uti Energy Inc
PTGX,Protagonist Therapeutics Inc
PTLO,Portillo S Inc Class A
PTON,Peloton Interactive Class A Inc
PUBM,Pubmatic Inc Class A
PUMP,Propetro Holding Corp
PVH,Pvh Corp
PVLA,Palvella Therapeutics Inc
PVRINOX,PVR INOX Ltd.
PWL,Physicswallah Ltd.
PWP,Perella Weinberg Partners Class A
PWR,Quanta Services Inc
PYPL,Paypal Holdings Inc
PZZA,Papa Johns International Inc
Q,Qnity Electronics Inc
QBTS,D Wave Quantum Inc
QCOM,Qualcomm Inc
QCRH,Qcr Holdings Inc
QDEL,Quidelortho Corp
QGEN,Qiagen Nv
QLYS,Qualys Inc
QNST,Quinstreet Inc
QRVO,Qorvo Inc
QS,Quantumscape Corp Class A
QSI,Quantum Si Inc Class A
QSR,Restaurants Brands International I
QTRX,Quanterix Corp
QTWO,Q2 Holdings Inc
QUBT,Quantum Computing Inc
QXO,Qxo Inc
R,Ryder System Inc
RADICO,Radico Khaitan Ltd
RAILTEL,Railtel Corporation Of India Ltd.
RAINBOW,Rainbow Childrens Medicare Ltd.
RAL,Ralliant Corp
RAMCOCEM,The Ramco Cements Ltd.
RAMP,Liveramp Holdings Inc
RAPP,Rapport Therapeutics Inc
RARE,Ultragenyx Pharmaceutical Inc
RBA,Rb Global Inc
RBB,Rbb Bancorp
RBBN,Ribbon Communications Inc
RBC,Rbc Bearings Inc
RBCAA,Republic Bancorp Inc Class A
RBLBANK,RBL Bank Ltd.
RBLX,Roblox Corp Class A
RBRK,Rubrik Inc Class A
RC,Ready Capital Corp
RCAT,Red Cat Holdings Inc
RCEL,Avita Medical Inc
RCF,Rashtriya Chemicals & Fertilizers Ltd.
RCKT,Rocket Pharmaceuticals Inc
RCL,Royal Caribbean Group Ltd
RCUS,Arcus Biosciences Inc
RDDT,Reddit Inc Class A
RDN,Radian Group Inc
RDNT,Radnet Inc
RDVT,Red Violet Inc
RDW,Redwire Corp
REAL,The Realreal Inc
REAX,Real Brokerage Inc
RECLTD,REC Ltd.
REDINGTON,Redington Ltd.
REFI,Chicago Atlantic Real Estate Finan
REG,Regency Centers Reit Corp
REGN,Regeneron Pharmaceuticals Inc
RELIANCE,Reliance Industries Ltd.
RELY,Remitly Global Inc
REPL,Replimune Group Inc
REPX,Riley Exploration Permian Inc
RES,Rpc Inc
REX,Rex American Resources Corp
REXR,Rexford Industrial Realty Reit Inc
REYN,Reynolds Consumer Products Inc
REZI,Resideo Technologies Inc
RF,Regions Financial Corp
RGA,Reinsurance Group Of America Inc
RGEN,Repligen Corp
RGLD,Royal Gold Inc
RGNX,Regenxbio Inc
RGP,Resources Connection Inc
RGR,Sturm Ruger Inc
RGTI,Rigetti Computing Inc
RH,Rh
RHI,Robert Half
RHIM,RHI MAGNESITA INDIA LTD.
RHLD,Resolute Holdings Management Inc
RHP,Ryman Hospitality Properties Reit
RICK,Rci Hospitality Holdings Inc
RIG,Transocean Ltd
RIGL,Rigel Pharmaceuticals Inc
RIOT,Riot Platforms Inc
RITES,RITES Ltd.
RITM,Rithm Capital Corp
RIVN,Rivian Automotive Inc Class A
RJF,Raymond James Inc
RKFORGE,Ramkrishna Forgings Ltd.
RKLB,Rocket Lab Corp
RKT,Rocket Companies Inc Class A
RL,Ralph Lauren Corp Class A
RLAY,Relay Therapeutics Inc
RLI,Rli Corp
RLJ,Rlj Lodging Trust Reit
RM,Regional Management Corp
RMAX,Re Max Holdings Inc Class A
RMBS,Rambus Inc
RMD,Resmed Inc
RMNI,Rimini Street Inc
RMR,Rmr Group Inc Class A
RNA,Atrium Therapeutics Inc
RNG,Ringcentral Inc Class A
RNR,Renaissancere Holding Ltd
RNST,Renasant Corp
ROAD,Construction Partners Inc Class A
ROCK,Gibraltar Industries Inc
ROG,Rogers Corp
ROIV,Roivant Sciences Ltd
ROK,Rockwell Automation Inc
ROKU,Roku Inc Class A
ROL,Rollins Inc
ROOT,Root Inc Class A
ROP,Roper Technologies Inc
ROST,Ross Stores Inc
RPAY,Repay Holdings Corp Class A
RPC,Ridgepost Capital Inc Class A
RPD,Rapid7 Inc
RPM,Rpm International Inc
RPOWER,Reliance Power Ltd.
RPRX,Royalty Pharma Plc Class A
RRBI,Red River Bancshares Inc
RRC,Range Resources Corp
RRKABEL,R R Kabel Ltd.
RRR,Red Rock Resorts Ors Class A Inc
RRX,Regal Rexnord Corp
RS,Reliance Steel & Aluminum
RSG,Republic Services Inc
RSI,Rush Street Interactive Inc Class
RTX,Rtx Corp
RUM,Rumble Inc Class A
RUN,Sunrun Inc
RUSHA,Rush Enterprises Inc Class A
RUSHB,Rush Enterprises Inc Class B
RVLV,Revolve Group Class A Inc
RVMD,Revolution Medicines Inc
RVNL,Rail Vikas Nigam Ltd.
RVTY,Revvity Inc
RWT,Redwood Trust Reit Inc
RXO,Rxo Inc
RXRX,Recursion Pharmaceuticals Inc Clas
RXST,Rxsight Inc
RYAM,Rayonier Advanced Materials Inc
RYAN,Ryan Specialty Holdings Inc Class
RYN,Rayonier Reit Inc
RYTM,Rhythm Pharmaceuticals Inc
RYZ,Ryerson Holding Corp
RZLV,Rezolve Ai Plc
S,Sentinelone Inc Class A
SABR,Sabre Corp
SAFE,Safehold Inc
SAFT,Safety Insurance Group Inc
SAGILITY,Sagility Ltd.
SAH,Sonic Automotive Inc Class A
SAIA,Saia Inc
SAIC,Science Applications International
SAIL,Steel Authority of India Ltd.
SAILIFE,Sai Life Sciences Ltd.
SAM,Boston Beer Inc Class A
SAMMAANCAP,Sammaan Capital Ltd.
SANA,Sana Biotechnology Inc
SANM,Sanmina Corp
SAPPHIRE,Sapphire Foods India Ltd.
SARDAEN,Sarda Energy and Minerals Ltd.
SAREGAMA,Saregama India Ltd
SARO,Standardaero
SATS,Echostar Corp Class A
SB,Safe Bulkers Inc
SBAC,Sba Communications Reit Corp Class
SBCF,Seacoast Banking Of Florida
SBFC,SBFC Finance Ltd.
SBGI,Sinclair Inc Class A
SBH,Sally Beauty Holdings Inc
SBICARD,SBI Cards and Payment Services Ltd.
SBILIFE,SBI Life Insurance Company Ltd.
SBIN,State Bank of India
SBRA,Sabra Health Care Reit Inc
SBSI,Southside Bancshares Inc
SBUX,Starbucks Corp
SCCO,Southern Copper Corp
SCHAEFFLER,Schaeffler India Ltd.
SCHL,Scholastic Corp
SCHW,Charles Schwab Corp
SCI,Shipping Corporation of India Ltd.
SCL,Stepan
SCSC,Scansource Inc
SCVL,Shoe Carnival Inc
SD,Sandridge Energy Inc
SDGR,Schrodinger Inc
SDRL,Seadrill Ltd
SEAT,Vivid Seats Inc Class A
SEB,Seaboard Corp
SEE,Sealed Air Corp
SEG,Seaport Entertainment Group Inc
SEI,Solaris Oilfield Infrastructure In
SEIC,Sei Investments
SEM,Select Medical Holdings Corp
SEMR,Semrush Holdings Inc Class A
SENEA,Seneca Foods Corp Class A
SEPN,Septerna Inc
SERV,Serve Robotics Inc
SEZL,Sezzle Inc
SF,Stifel Financial Corp
SFBS,Servisfirst Bancshares Inc
SFD,Smithfield Foods Inc
SFIX,Stitch Fix Inc Class A
SFL,Sfl Ltd
SFM,Sprouts Farmers Market Inc
SFNC,Simmons First National Corp Class
SFST,Southern First Bancshares Inc
SG,Sweetgreen Inc Class A
SGHC,Super Group Ltd
SGI,Somnigroup International Inc
SGRY,Surgery Partners Inc
SHAK,Shake Shack Inc Class A
SHBI,Shore Bancshares Inc
SHC,Sotera Health Company
SHEN,Shenandoah Telecommunications
SHLS,Shoals Technologies Group Inc Clas
SHO,Sunstone Hotel Investors Reit Inc
SHOO,Steven Madden Ltd
SHREECEM,Shree Cement Ltd.
SHRIRAMFIN,Shriram Finance Ltd.
SHW,Sherwin Williams
SHYAMMETL,Shyam Metalics and Energy Ltd.
SIBN,Si Bone Inc
SIEMENS,Siemens Ltd.
SIG,Signet Jewelers Ltd
SIGA,Siga Technologies Inc
SIGI,Selective Insurance Group Inc
SIGNATURE,Signatureglobal (India) Ltd.
SILA,Sila Rlty Tr Inc Trust
SION,Sionna Therapeutics Inc
SIRI,Siriusxm Holdings Inc
SITC,Site Centers Corp
SITE,Siteone Landscape Supply Inc
SITM,Sitime Corp
SJM,Jm Smucker
SJVN,SJVN Ltd.
SKIN,Beauty Health Company Class A Clas
SKT,Tanger Inc
SKWD,Skyward Specialty Insurance Group
SKY,Champion Homes Inc
SKYT,Skywater Technology Inc
SKYW,Skywest Inc
SLAB,Silicon Laboratories Inc
SLB,Slb Nv
SLDB,Solid Biosciences Inc
SLDE,Slide Insurance Holdings Inc
SLDP,Solid Power Inc Class A
SLG,Sl Green Realty Reit Corp
SLGN,Silgan Holdings Inc
SLM,Slm Corp
SLNO,Soleno Therapeutics Inc
SLP,Simulations Plus Inc
SLQT,Selectquote Inc
SLS,Sellas Life Sciences Group Inc
SLVM,Sylvamo Corp
SM,Sm Energy
SMA,Smartstop Self Storage Reit Inc
SMBC,Southern Missouri Bancorp Inc
SMBK,Smartfinancial Inc
SMCI,Super Micro Computer Inc
SMG,Scotts Miracle Gro
SMMT,Summit Therapeutics Inc
SMP,Standard Motor Products Inc
SMPL,The Simply Good Foods Company
SMR,Nuscale Power Corp Class A
SMTC,Semtech Corp
SN,Sharkninja Inc
SNA,Snap On Inc
SNBR,Sleep Number Corp
SNCY,Sun Country Airlines Holdings Inc
SNDK,Sandisk Corp
SNDR,Schneider National Inc Class B
SNDX,Syndax Pharmaceuticals Inc
SNEX,Stonex Group Inc
SNOW,Snowflake Inc
SNPS,Synopsys Inc
SNX,Td Synnex Corp
SO,Southern
SOBHA,Sobha Ltd.
SOC,Sable Offshore Corp Class A
SOFI,Sofi Technologies Inc
SOLARINDS,Solar Industries India Ltd.
SOLS,Solstice Advanced Materials Inc
SOLV,Solventum Corp
SON,Sonoco Products
SONACOMS,Sona BLW Precision Forgings Ltd.
SONATSOFTW,Sonata Software Ltd.
SONO,Sonos Inc
SOUN,Soundhound Ai Inc Class A
SPB,Spectrum Brands Holdings Inc
SPFI,South Plains Financial Inc
SPG,Simon Property Group Reit Inc
SPGI,S&P Global Inc
SPHR,Sphere Entertainment Class A
SPLPETRO,Supreme Petrochem Ltd.
SPNT,Siriuspoint Ltd
SPOK,Spok Holdings Inc
SPOT,Spotify Technology Sa
SPRY,Ars Pharmaceuticals Inc
SPSC,Sps Commerce Inc
SPT,Sprout Social Inc Class A
SPXC,Spx Technologies Inc
SR,Spire Inc
SRCE,1St Source Corp
SRE,Sempra
SRF,SRF Ltd.
SRPT,Sarepta Therapeutics Inc
SRRK,Scholar Rock Holding Corp
SRTA,Strata Critical Medical Inc Class
SSB,Southstate Bank Corp
SSD,Simpson Manufacturing Inc
SSNC,Ss And C Technologies Holdings Inc
SSP,Ew Scripps Class A
SSRM,Ssr Mining Inc
SSTI,Soundthinking Inc
SSTK,Shutterstock Inc
ST,Sensata Technologies Holding Plc
STAA,Staar Surgical
STAG,Stag Industrial Reit Inc
STARHEALTH,Star Health and Allied Insurance Company Ltd.
STBA,S And T Bancorp Inc
STC,Stewart Info Services Corp
STE,Steris
STEL,Stellar Bancorp Inc
STEP,Stepstone Group Inc Class A
STGW,Stagwell Inc Class A
STKL,Sunopta Inc
STLD,Steel Dynamics Inc
STNE,Stoneco Ltd Class A
STNG,Scorpio Tankers Inc
STOK,Stoke Therapeutics Inc
STRA,Strategic Education Inc
STRL,Sterling Infrastructure Inc
STRZ,Starz Entertainment Corp
STT,State Street Corp
STWD,Starwood Property Trust Reit Inc
STZ,Constellation Brands Inc Class A
SUI,Sun Communities Reit Inc
SUMICHEM,Sumitomo Chemical India Ltd.
SUNDARMFIN,Sundaram Finance Ltd.
SUNDRMFAST,Sundram Fasteners Ltd.
SUNPHARMA,Sun Pharmaceutical Industries Ltd.
SUNS,Sunrise Realty Trust Inc
SUNTV,Sun TV Network Ltd.
SUPN,Supernus Pharmaceuticals Inc
SUPREMEIND,Supreme Industries Ltd.
SUZLON,Suzlon Energy Ltd.
SVC,Service Properties Trust
SVRA,Savara Inc
SVV,Savers Value Village Inc
SW,Smurfit Westrock Plc
SWANCORP,Swan Corp Ltd.
SWBI,Smith Wesson Brands Inc
SWIGGY,Swiggy Ltd.
SWK,Stanley Black & Decker Inc
SWKS,Skyworks Solutions Inc
SWX,Southwest Gas Holdings Inc
SXC,Suncoke Energy Inc
SXI,Standex International Corp
SXT,Sensient Technologies Corp
SYBT,Stock Yards Bancorp Inc
SYF,Synchrony Financial
SYK,Stryker Corp
SYNA,Synaptics Inc
SYNGENE,Syngene International Ltd.
SYRE,Spyre Therapeutics Inc
SYRMA,Syrma SGS Technology Ltd.
SYY,Sysco Corp
T,At&T Inc
TALK,Talkspace Inc
TALO,Talos Energy Inc
TAP,Molson Coors Brewing Class B
TARIL,Transformers And Rectifiers (India) Ltd.
TARS,Tarsus Pharmaceuticals Inc
TATACAP,Tata Capital Ltd.
TATACHEM,Tata Chemicals Ltd.
TATACOMM,Tata Communications Ltd.
TATACONSUM,Tata Consumer Products Ltd.
TATAELXSI,Tata Elxsi Ltd.
TATAINVEST,Tata Investment Corporation Ltd.
TATAPOWER,Tata Power Co. Ltd.
TATASTEEL,Tata Steel Ltd.
TATATECH,Tata Technologies Ltd.
TBBK,Bancorp Inc
TBCH,Turtle Beach Corp
TBI,Trueblue Inc
TBOTEK,TBO Tek Ltd.
TBPH,Theravance Biopharma Inc
TCBI,Texas Capital Bancshares Inc
TCBK,Trico Bancshares
TCBX,Third Coast Bancshares Inc
TCMD,Tactile Systems Technology Inc
TCS,Tata Consultancy Services Ltd.
TCX,Tucows Inc
TDAY,Usa Today Inc
TDC,Teradata Corp
TDG,Transdigm Group Inc
TDOC,Teladoc Health Inc
TDS,Telephone And Data Systems Inc
TDUP,Thredup Inc Class A
TDW,Tidewater Inc
TDY,Teledyne Technologies Inc
TE,T1 Energy Inc
TEAD,Teads Holding
TEAM,Atlassian Corp Class A
TECH,Bio Techne Corp
TECHM,Tech Mahindra Ltd.
TECHNOE,Techno Electric & Engineering Company Ltd.
TECX,Tectonic Therapeutic Inc
TEGA,Tega Industries Ltd.
TEJASNET,Tejas Networks Ltd.
TEM,Tempus Ai Inc Class A
TENB,Tenable Holdings Inc
TENNIND,Tenneco Clean Air India Ltd.
TER,Teradyne Inc
TERN,Terns Pharmaceuticals Inc
TEX,Terex Corp
TFC,Truist Financial Corp
TFIN,Triumph Financial Inc
TFSL,Tfs Financial Corp
TFX,Teleflex Inc
TG,Tredegar Corp
TGLS,Tecnoglass Inc
TGNA,TEGNA INC
TGT,Target Corp
TGTX,Tg Therapeutics Inc
TH,Target Hospitality Corp
THC,Tenet Healthcare Corp
THELEELA,Leela Palaces Hotels & Resorts Ltd.
THERMAX,Thermax Ltd.
THFF,First Financial Corporation Corp
THG,Hanover Insurance Group Inc
THO,Thor Industries Inc
THR,Thermon Group Holdings Inc
THRD,Third Harmonic Bio Inc
THRM,Gentherm Inc
THRY,Thryv Holdings Inc
TIC,Tic Solutions Inc
TIGO,Millicom International Cellular Sa
TIINDIA,Tube Investments of India Ltd.
TILE,Interface Inc
TIMKEN,Timken India Ltd.
TIPT,Tiptree Inc
TITAGARH,Titagarh Rail Systems Ltd.
TITAN,Titan Company Ltd.
TITN,Titan Machinery Inc
TJX,Tjx Inc
TK,Teekay Corporation Corp Ltd
TKO,Tko Group Holdings Inc Class A
TKR,Timken
TLN,Talen Energy Corp
TMCI,Treace Medical Concepts Inc
TMCV,Tata Motors Ltd.
TMDX,Transmedics Group Inc
TMHC,Taylor Morrison Home Corp
TMO,Thermo Fisher Scientific Inc
TMP,Tompkins Financial Corp
TMPV,Tata Motors Passenger Vehicles Ltd.
TMUS,T Mobile Us Inc
TNC,Tennant
TNDM,Tandem Diabetes Care Inc
TNET,Trinet Group Incinary
TNGX,Tango Therapeutics Inc
TNK,Teekay Tankers Ltd Class A
TNL,Travel Leisure
TOL,Toll Brothers Inc
TORNTPHARM,Torrent Pharmaceuticals Ltd.
TORNTPOWER,Torrent Power Ltd.
TOST,Toast Inc Class A
TOWN,Townebank
TPB,Turning Point Brands Inc
TPC,Tutor Perini Corp
TPG,Tpg Inc Class A
TPH,Tri Pointe Homes Inc
TPL,Texas Pacific Land Corp
TPR,Tapestry Inc
TR,Tootsie Roll Industries Inc
TRAVELFOOD,Travel Food Services Ltd.
TRC,Tejon Ranch
TRDA,Entrada Therapeutics Inc
TREE,Lendingtree Inc
TRENT,Trent Ltd.
TREX,Trex Inc
TRGP,Targa Resources Corp
TRIDENT,Trident Ltd.
TRIP,Tripadvisor Inc
TRITURBINE,Triveni Turbine Ltd.
TRIVENI,Triveni Engineering & Industries Ltd.
TRMB,Trimble Inc
TRMK,Trustmark Corp
TRN,Trinity Industries Inc
TRNO,Terreno Realty Reit Corp
TRNS,Transcat Inc
TROW,T Rowe Price Group Inc
TROX,Tronox Holdings Plc
TRS,Trimas Corp
TRST,Trustco Bank Corp
TRTX,Tpg Re Finance Trust Inc
TRU,Transunion
TRUP,Trupanion Inc
TRV,Travelers Companies Inc
TRVI,Trevi Therapeutics Inc
TSBK,Timberland Bancorp Inc
TSCO,Tractor Supply
TSHA,Taysha Gene Therapies Inc
TSLA,Tesla Inc
TSN,Tyson Foods Inc Class A
TT,Trane Technologies Plc
TTC,Toro
TTD,Trade Desk Inc Class A
TTEC,Ttec Holdings Inc
TTEK,Tetra Tech Inc
TTGT,Techtarget Inc
TTI,Tetra Technologies Inc
TTMI,Ttm Technologies Inc
TTML,Tata Teleservices (Maharashtra) Ltd.
TTWO,Take Two Interactive Software Inc
TVSMOTOR,TVS Motor Company Ltd.
TVTX,Travere Therapeutics Inc
TW,Tradeweb Markets Inc Class A
TWI,Titan International Inc
TWLO,Twilio Inc Class A
TWO,Two Harbors Investment Corp
TWST,Twist Bioscience Corp
TXG,10X Genomics Inc Class A
TXN,Texas Instrument Inc
TXNM,Txnm Energy Inc
TXRH,Texas Roadhouse Inc
TXT,Textron Inc
TYL,Tyler Technologies Inc
TYRA,Tyra Biosciences Inc
U,Unity Software Inc
UA,Under Armour Inc Class C
UAA,Under Armour Inc Class A
UAL,United Airlines Holdings Inc
UAMY,United States Antimony Corp
UBER,Uber Technologies Inc
UBL,United Breweries Ltd.
UBSI,United Bankshares Inc
UCB,United Community Banks Inc
UCOBANK,UCO Bank
UCTT,Ultra Clean Holdings Inc
UDMY,Udemy Inc
UDR,Udr Reit Inc
UE,Urban Edge Properties
UEC,Uranium Energy Corp
UFCS,United Fire Group Inc
UFPI,Ufp Industries Inc
UFPT,Ufp Technologies Inc
UGI,Ugi Corp
UHAL,U Haul Holding
UHALB,U Haul Non Voting Series N
UHS,Universal Health Services Inc Clas
UHT,Universal Health Realty Income Tru
UI,Ubiquiti Inc
UIS,Unisys Corp
ULCC,Frontier Group Holdings Inc
ULH,Universal Logistics Holdings Inc
ULTA,Ulta Beauty Inc
ULTRACEMCO,UltraTech Cement Ltd.
UMBF,Umb Financial Corp
UMH,Umh Properties Inc
UNF,Unifirst Corp
UNFI,United Natural Foods Inc
UNH,Unitedhealth Group Inc
UNIONBANK,Union Bank of India
UNIT,Uniti Group Inc
UNITDSPR,United Spirits Ltd.
UNM,Unum
UNOMINDA,UNO Minda Ltd.
UNP,Union Pacific Corp
UNTY,Unity Bancorp Inc
UPB,Upstream Bio Inc
UPBD,Upbound Group Inc
UPL,UPL Ltd.
UPS,United Parcel Service Inc Class B
UPST,Upstart Holdings Inc
UPWK,Upwork Inc
URBANCO,Urban Company Ltd.
URBN,Urban Outfitters Inc
URGN,Urogen Pharma Ltd
URI,United Rentals Inc
USAR,Usa Rare Earth Inc Class A
USB,Us Bancorp
USFD,Us Foods Holding Corp
USHAMART,Usha Martin Ltd.
USLM,United States Lime And Minerals In
USNA,Usana Health Sciences Inc
USPH,Us Physical Therapy Inc
UTHR,United Therapeutics Corp
UTI,Universal Technical Institute Inc
UTIAMC,UTI Asset Management Company Ltd.
UTL,Unitil Corp
UTMD,Utah Medical Products Inc
UTZ,Utz Brands Inc Class A
UUUU,Energy Fuels Inc
UVE,Universal Insurance Holdings Inc
UVSP,Univest Financial Corp
UVV,Universal Corp
UWMC,Uwm Holdings Corp Class A
V,Visa Inc Class A
VAC,Marriott Vacations Worldwide Corp
VAL,Valaris Ltd
VBL,Varun Beverages Ltd.
VC,Visteon Corp
VCEL,Vericel Corp
VCTR,Victory Capital Holdings Class A I
VCYT,Veracyte Inc
VECO,Veeco Instruments Inc
VEDL,Vedanta Ltd.
VEEV,Veeva Systems Inc Class A
VEL,Velocity Financial Inc
VENTIVE,Ventive Hospitality Ltd.
VERA,Vera Therapeutics Inc Class A
VERX,Vertex Inc Class A
VFC,Vf Corp
VGUARD,V-Guard Industries Ltd.
VIAV,Viavi Solutions Inc
VICI,Vici Pptys Inc
VICR,Vicor Corp
VIJAYA,Vijaya Diagnostic Centre Ltd.
VIK,Viking Holdings
VIR,Vir Biotechnology Inc
VIRT,Virtu Financial Inc Class A
VISN,Vistance Networks Inc
VITL,Vital Farms Inc
VKTX,Viking Therapeutics Inc
VLO,Valero Energy Corp
VLTO,Veralto Corp
VLY,Valley National
VMC,Vulcan Materials
VMD,Viemed Healthcare Inc
VMI,Valmont Inds Inc
VMM,Vishal Mega Mart Ltd.
VNDA,Vanda Pharmaceuticals Inc
VNO,Vornado Realty Trust Reit
VNOM,Viper Energy Inc Class A
VNT,Vontier Corp
VOLTAS,Voltas Ltd.
VOYA,Voya Financial Inc
VOYG,Voyager Technologies Inc Class A
VPG,Vishay Precision Group Inc
VRDN,Viridian Therapeutics Ors Inc
VRE,Veris Residential Inc
VREX,Varex Imaging Corp
VRNS,Varonis Systems Inc
VRRM,Verra Mobility Corp Class A
VRSK,Verisk Analytics Inc
VRSN,Verisign Inc
VRT,Vertiv Holdings Class A
VRTS,Virtus Investment Partners Inc
VRTX,Vertex Pharmaceuticals Inc
VSAT,Viasat Inc
VSCO,Victoria S Secret
VSEC,Vse Corp
VSH,Vishay Intertechnology Inc
VSNT,Versant Media Group Inc
VST,Vistra Corp
VSTM,Verastem Inc
VSTS,Vestis Corp
VTL,Vardhman Textiles Ltd.
VTOL,Bristow Group Inc
VTR,Ventas Reit Inc
VTRS,Viatris Inc
VTS,Vitesse Energy Inc
VVV,Valvoline Inc
VVX,V2X Inc
VYGR,Voyager Therapeutics Inc
VYX,Ncr Voyix Corp
VZ,Verizon Communications Inc
W,Wayfair Inc Class A
WAAREEENER,Waaree Energies Ltd.
WAB,Westinghouse Air Brake Technologie
WABC,Westamerica Bancorporation
WAFD,Wafd Inc
WAL,Western Alliance
WALD,Waldencast Plc Class A
WASH,Washington Trust Bancorp Inc
WAT,Waters Corp
WAY,Waystar Holding Corp
WBD,Warner Bros. Discovery Inc Series
WBS,Webster Financial Corp
WCC,Wesco International Inc
WD,Walker & Dunlop Inc
WDAY,Workday Inc Class A
WDC,Western Digital Corp
WDFC,Wd-40
WEAV,Weave Communications Inc
WEC,Wec Energy Group Inc
WELCORP,Welspun Corp Ltd.
WELL,Welltower Inc
WELSPUNLIV,Welspun Living Ltd.
WEN,Wendys
WERN,Werner Enterprises Inc
WEST,Westrock Coffee
WEX,Wex Inc
WFC,Wells Fargo
WFRD,Weatherford International Plc
WGO,Winnebago Industries Inc
WGS,Genedx Holdings Corp Class A
WH,Wyndham Hotels Resorts Inc
WHD,Cactus Inc Class A
WHIRLPOOL,Whirlpool of India Ltd.
WHR,Whirlpool Corp
WINA,Winmark Corp
WING,Wingstop Inc
WIPRO,Wipro Ltd.
WK,Workiva Inc Class A
WKC,World Kinect Corp
WLDN,Willdan Group Inc
WLFC,Willis Lease Finance Corp
WLK,Westlake Corp
WLY,John Wiley And Sons Inc Class A
WM,Waste Management Inc
WMB,Williams Inc
WMK,Weis Markets Inc
WMS,Advanced Drainage Systems Inc
WMT,Walmart Inc
WNC,Wabash National Corp
WOCKPHARMA,Wockhardt Ltd.
WOOF,Petco Health And Wellness Company
WOR,Worthington Enterprises Inc
WPC,W. P. Carey Reit Inc
WRB,Wr Berkley Corp
WRBY,Warby Parker Inc Class A
WRLD,World Acceptance Corp
WS,Worthington Steel Inc
WSBC,Wesbanco Inc
WSBF,Waterstone Financial Inc
WSC,Willscot Holdings Corp Class A
WSFS,Wsfs Financial Corp
WSM,Williams Sonoma Inc
WSO,Watsco Inc
WSR,Whitestone Reit
WST,West Pharmaceutical Services Inc
WT,Wisdomtree Inc
WTBA,West Bancorporation Inc
WTFC,Wintrust Financial Corp
WTI,W And T Offshore Inc
WTM,White Mountains Insurance Group Lt
WTRG,Essential Utilities Inc
WTS,Watts Water Technologies Inc Class
WTTR,Select Water Solutions Inc Class A
WTW,Willis Towers Watson Plc
WU,Western Union
WULF,Terawulf Inc
WVE,Wave Life Sciences Ltd
WWD,Woodward Inc
WWW,Wolverine World Wide Inc
WY,Weyerhaeuser Reit
WYNN,Wynn Resorts Ltd
XEL,Xcel Energy Inc
XENE,Xenon Pharmaceuticals Inc
XERS,Xeris Biopharma Holdings Inc
XHR,Xenia Hotels Resorts Reit Inc
XMTR,Xometry Inc Class A
XNCR,Xencor Inc
XOM,Exxon Mobil Corp
XP,Xp Class A Inc
XPEL,Xpel Inc
XPER,Xperi Inc
XPO,Xpo Inc
XPOF,Xponential Fitness Inc Class A
XPRO,Expro Group Holdings Nv
XRAY,Dentsply Sirona Inc
XRN,Chiron Real Estate Inc
XRX,Xerox Holdings Corp
XYL,Xylem Inc
XYZ,Block Inc Class A
YELP,Yelp Inc
YESBANK,Yes Bank Ltd.
YETI,Yeti Holdings Inc
YEXT,Yext Inc
YORW,York Water
YOU,Clear Secure Inc Class A
YUM,Yum Brands Inc
Z,Zillow Group Inc Class C
ZBH,Zimmer Biomet Holdings Inc
ZBIO,Zenas Biopharma Inc
ZBRA,Zebra Technologies Corp Class A
ZD,Ziff Davis Inc
ZEEL,Zee Entertainment Enterprises Ltd.
ZENSARTECH,Zensar Technolgies Ltd.
ZENTEC,Zen Technologies Ltd.
ZETA,Zeta Global Holdings Corp Class A
ZFCVINDIA,ZF Commercial Vehicle Control Systems India Ltd.
ZG,Zillow Group Inc Class A
ZION,Zions Bancorporation
ZIP,Ziprecruiter Inc Class A
ZM,Zoom Communications Inc Class A
ZS,Zscaler Inc
ZTS,Zoetis Inc Class A
ZUMZ,Zumiez Inc
ZVRA,Zevra Therapeutics Inc
ZWS,Zurn Elkay Water Solutions Corp
ZYDUSLIFE,Zydus Lifesciences Ltd.
ZYDUSWELL,Zydus Wellness Ltd.
ZYME,Zymeworks Inc
